date,return
2021-01-01,0.00000000
2021-01-02,-0.01150000
2021-01-03,-0.02712385
2021-01-04,0.00919913
2021-01-05,0.00956429
2021-01-06,-0.00052138
2021-01-07,-0.00052192
2021-01-08,-0.03134796
2021-01-09,0.01337793
2021-01-10,0.04288817
2021-01-11,0.01100000
2021-01-12,0.01223092
2021-01-13,0.00573066
2021-01-14,-0.01085930
2021-01-15,0.00675676
2021-01-16,0.02571429
2021-01-17,0.01313406
2021-01-18,0.00176523
2021-01-19,-0.01275286
2021-01-20,0.01308664
2021-01-21,-0.01319261
2021-01-22,0.00903342
2021-01-23,-0.00088731
2021-01-24,0.01644444
2021-01-25,0.00301205
2021-01-26,0.01112062
2021-01-27,-0.00502092
2021-01-28,0.07185123
2021-01-29,-0.00073910
2021-01-30,-0.01369356
2021-01-31,0.00456621
2021-02-01,0.00980392
2021-02-02,0.01812130
2021-02-03,0.01284797
2021-02-04,0.02087683
2021-02-05,0.03440214
2021-02-06,-0.00718750
2021-02-07,-0.00634115
2021-02-08,0.02665382
2021-02-09,-0.00609756
2021-02-10,0.02345679
2021-02-11,0.00678066
2021-02-12,0.00814427
2021-02-13,-0.00286205
2021-02-14,0.01324122
2021-02-15,0.03365115
2021-02-16,0.00709406
2021-02-17,0.00880829
2021-02-18,-0.00840122
2021-02-19,0.00103573
2021-02-20,0.00361757
2021-02-21,0.00256542
2021-02-22,0.01990812
2021-02-23,0.03117329
2021-02-24,0.00531423
2021-02-25,-0.01028807
2021-02-26,0.01400560
2021-02-27,-0.00181653
2021-02-28,0.01686418
2021-03-01,0.00132275
2021-03-02,0.00813544
2021-03-03,0.00173085
2021-03-04,0.00215610
2021-03-05,-0.00493774
2021-03-06,0.00238508
2021-03-07,-0.00992663
2021-03-08,0.01607221
2021-03-09,-0.00490614
2021-03-10,0.00969410
2021-03-11,0.01267963
2021-03-12,-0.00680132
2021-03-13,-0.01170079
2021-03-14,0.00256739
2021-03-15,0.00255428
2021-03-16,-0.00487082
2021-03-17,0.00791275
2021-03-18,0.00631579
2021-03-19,0.00187110
2021-03-20,0.00579950
2021-03-21,0.00450450
2021-03-22,0.00791396
2021-03-23,0.00439473
2021-03-24,-0.00514851
2021-03-25,-0.00920368
2021-03-26,-0.01549124
2021-03-27,0.01640724
2021-03-28,0.00305499
2021-03-29,0.00364372
2021-03-30,0.00562701
2021-03-31,-0.02583466
2021-04-01,0.00481978
2021-04-02,-0.00705687
2021-04-03,0.00336842
2021-04-04,-0.01254705
2021-04-05,-0.02509653
2021-04-06,0.00858175
2021-04-07,-0.00355240
2021-04-08,0.00178891
2021-04-09,0.00200535
2021-04-10,-0.00466045
2021-04-11,0.01657706
2021-04-12,0.01170859
2021-04-13,-0.01165254
2021-04-14,-0.01366594
2021-04-15,0.02475468
2021-04-16,-0.00637484
2021-04-17,0.01915626
2021-04-18,0.03358209
2021-04-19,0.00563326
2021-04-20,0.01210142
2021-04-21,-0.01181545
2021-04-22,0.01210142
2021-04-23,0.01912978
2021-04-24,0.01264451
2021-04-25,0.00140944
2021-04-26,0.00140548
2021-04-27,-0.00560617
2021-04-28,-0.00265769
2021-04-29,0.00124688
2021-04-30,-0.01723525
2021-05-01,-0.00441664
2021-05-02,0.00686966
2021-05-03,0.00219780
2021-05-04,0.00237053
2021-05-05,-0.04555354
2021-05-06,-0.01198083
2021-05-07,0.01411620
2021-05-08,0.00994827
2021-05-09,-0.00448693
2021-05-10,0.00866142
2021-05-11,-0.00851393
2021-05-12,0.01771654
2021-05-13,0.00304183
2021-05-14,-0.00888133
2021-05-15,0.00596383
2021-05-16,0.01026616
2021-05-17,0.00000000
2021-05-18,-0.01080477
2021-05-19,0.00437928
2021-05-20,0.00585126
2021-05-21,0.00354478
2021-05-22,-0.00481660
2021-05-23,0.01402918
2021-05-24,-0.01037118
2021-05-25,0.01040505
2021-05-26,0.00436840
2021-05-27,-0.00451101
2021-05-28,-0.01438456
2021-05-29,-0.00749906
2021-05-30,0.00932623
2021-05-31,-0.00653961
2021-06-01,0.00321848
2021-06-02,0.00131678
2021-06-03,0.00900563
2021-06-04,-0.00350166
2021-06-05,-0.00129918
2021-06-06,0.00372162
2021-06-07,-0.00406354
2021-06-08,0.00484171
2021-06-09,-0.01364810
2021-06-10,-0.00474024
2021-06-11,-0.01129403
2021-06-12,0.00607129
2021-06-13,0.00386997
2021-06-14,0.00172811
2021-06-15,0.00344432
2021-06-16,-0.00893197
2021-06-17,0.00386997
2021-06-18,0.00153610
2021-06-19,0.00114855
2021-06-20,0.00267380
2021-06-21,-0.00664894
2021-06-22,-0.00385060
2021-06-23,-0.00232829
2021-06-24,0.00058480
2021-06-25,-0.00778816
2021-06-26,0.00178006
2021-06-27,-0.00610958
2021-06-28,-0.00279330
2021-06-29,-0.00782504
2021-06-30,0.01263759
2021-07-01,0.00357853
2021-07-02,0.00414528
2021-07-03,0.00117463
2021-07-04,0.00312500
2021-07-05,0.00756988
2021-07-06,0.00707457
2021-07-07,0.00282805
2021-07-08,-0.00637420
2021-07-09,-0.00512723
2021-07-10,0.00230238
2021-07-11,-0.00038197
2021-07-12,-0.00019113
2021-07-13,0.01013384
2021-07-14,-0.00899550
2021-07-15,0.00706107
2021-07-16,0.00150546
2021-07-17,0.00187617
2021-07-18,-0.00018692
2021-07-19,-0.00504862
2021-07-20,-0.00358897
2021-07-21,-0.00589802
2021-07-22,0.00000000
2021-07-23,-0.00154024
2021-07-24,-0.00309000
2021-07-25,0.00408084
2021-07-26,0.00366230
2021-07-27,0.00688863
2021-07-28,-0.00755002
2021-07-29,0.00095822
2021-07-30,-0.00153022
2021-07-31,0.00498849
2021-08-01,-0.00018997
2021-08-02,0.00456100
2021-08-03,0.00244821
2021-08-04,-0.00112444
2021-08-05,-0.00075131
2021-08-06,-0.00413845
2021-08-07,-0.01043247
2021-08-08,0.00154979
2021-08-09,-0.00405562
2021-08-10,0.01421340
2021-08-11,-0.00757289
2021-08-12,0.00249904
2021-08-13,0.00019128
2021-08-14,0.00458891
2021-08-15,-0.00606290
2021-08-16,-0.00460299
2021-08-17,0.01413086
2021-08-18,0.01091867
2021-08-19,0.00460575
2021-08-20,0.00784958
2021-08-21,0.00431344
2021-08-22,0.00588026
2021-08-23,0.00827756
2021-08-24,-0.01004851
2021-08-25,0.00442008
2021-08-26,-0.00122678
2021-08-27,-0.01159522
2021-08-28,-0.01654676
2021-08-29,-0.00706845
2021-08-30,-0.00622642
2021-08-31,-0.00573175
2021-09-01,0.00560495
2021-09-02,-0.00133792
2021-09-03,-0.01667305
2021-09-04,0.00099128
2021-09-05,0.00395726
2021-09-06,0.00314095
2021-09-07,-0.00799844
2021-09-08,0.02696273
2021-09-09,0.01580135
2021-09-10,0.00346462
2021-09-11,0.00814922
2021-09-12,0.01478974
2021-09-13,0.00536518
2021-09-14,0.00445205
2021-09-15,0.00475221
2021-09-16,-0.00100874
2021-09-17,-0.01078167
2021-09-18,-0.00327135
2021-09-19,0.01022530
2021-09-20,-0.00526495
2021-09-21,-0.00995537
2021-09-22,0.00280210
2021-09-23,-0.00522466
2021-09-24,0.00140795
2021-09-25,0.00157950
2021-09-26,0.00489853
2021-09-27,-0.00398475
2021-09-28,0.00174642
2021-09-29,0.00208841
2021-09-30,0.00225303
2021-10-01,-0.02795031
2021-10-02,-0.00749269
2021-10-03,-0.00352505
2021-10-04,0.00336323
2021-10-05,0.00723831
2021-10-06,0.01298939
2021-10-07,0.00891583
2021-10-08,-0.01016118
2021-10-09,0.00160944
2021-10-10,0.00855615
2021-10-11,0.00630915
2021-10-12,0.00276912
2021-10-13,0.01049914
2021-10-14,-0.00118004
2021-10-15,0.00540723
2021-10-16,0.00066867
2021-10-17,0.00250417
2021-10-18,0.00099668
2021-10-19,-0.00331565
2021-10-20,-0.00700935
2021-10-21,0.00084631
2021-10-22,0.00033795
2021-10-23,-0.00574130
2021-10-24,0.00392894
2021-10-25,-0.00135593
2021-10-26,-0.01461591
2021-10-27,-0.00105042
2021-10-28,-0.00105263
2021-10-29,0.00298875
2021-10-30,0.00454387
2021-10-31,-0.00294423
2021-11-01,0.00278746
2021-11-02,0.00537076
2021-11-03,-0.00034282
2021-11-04,-0.00154374
2021-11-05,0.00258087
2021-11-06,0.00616227
2021-11-07,0.00659452
2021-11-08,-0.00350467
2021-11-09,0.00268908
2021-11-10,0.00133735
2021-11-11,0.00016672
2021-11-12,0.00250000
2021-11-13,-0.00132670
2021-11-14,-0.00166279
2021-11-15,0.00767434
2021-11-16,0.00443641
2021-11-17,0.00000000
2021-11-18,-0.00521173
2021-11-19,0.00510204
2021-11-20,0.00977517
2021-11-21,0.00623202
2021-11-22,0.00094697
2021-11-23,0.00078765
2021-11-24,-0.00267380
2021-11-25,0.00237192
2021-11-26,-0.00472144
2021-11-27,0.00349539
2021-11-28,0.00410224
2021-11-29,0.00203443
2021-11-30,-0.00109102
2021-12-01,0.00374883
2021-12-02,0.01116279
2021-12-03,-0.01850167
2021-12-04,0.00078740
2021-12-05,0.01305031
2021-12-06,-0.00275820
2021-12-07,-0.01818182
2021-12-08,-0.00271826
2021-12-09,0.00418006
2021-12-10,-0.00621811
2021-12-11,-0.00290604
2021-12-12,0.00146151
2021-12-13,0.00372409
2021-12-14,0.00128576
2021-12-15,0.00400769
2021-12-16,0.00238550
2021-12-17,0.00031656
2021-12-18,0.00253084
2021-12-19,0.00629525
2021-12-20,-0.00077712
2021-12-21,-0.00140100
2021-12-22,-0.00499532
2021-12-23,-0.00346894
2021-12-24,-0.00190537
2021-12-25,-0.00318776
2021-12-26,0.00000000
2021-12-27,0.00818094
2021-12-28,0.00378788
2021-12-29,0.00266291
2021-12-30,-0.00327205
2021-12-31,-0.00674404
2022-01-01,0.00254372
2022-01-02,-0.00253084
2022-01-03,-0.01112878
2022-01-04,-0.00552846
2022-01-05,-0.00180862
2022-01-06,-0.00792079
2022-01-07,-0.00754527
2022-01-08,-0.00170242
2022-01-09,0.00000000
2022-01-10,-0.00068329
2022-01-11,0.00975026
2022-01-12,-0.00100671
2022-01-13,0.00739744
2022-01-14,-0.00414182
2022-01-15,0.00066823
2022-01-16,0.00767434
2022-01-17,0.01150181
2022-01-18,-0.00160617
2022-01-19,0.00338382
2022-01-20,0.00208067
2022-01-21,-0.00908511
2022-01-22,-0.00146104
2022-01-23,-0.00211657
2022-01-24,-0.00098103
2022-01-25,0.00081913
2022-01-26,-0.00817795
2022-01-27,-0.00016628
2022-01-28,0.00133067
2022-01-29,0.00514267
2022-01-30,-0.00673235
2022-01-31,-0.00982024
2022-02-01,0.00067912
2022-02-02,-0.00271278
2022-02-03,0.00613706
2022-02-04,0.00505221
2022-02-05,-0.00083361
2022-02-06,-0.00116900
2022-02-07,0.00267827
2022-02-08,-0.00666001
2022-02-09,0.00995613
2022-02-10,-0.00264725
2022-02-11,-0.00582169
2022-02-12,0.00538539
2022-02-13,0.00399600
2022-02-14,0.00462504
2022-02-15,0.00114566
2022-02-16,-0.00016329
2022-02-17,-0.00359360
2022-02-18,-0.00296150
2022-02-19,0.00595829
2022-02-20,-0.00539745
2022-02-21,-0.00082672
2022-02-22,0.00927459
2022-02-23,-0.00276423
2022-02-24,0.00049052
2022-02-25,-0.00718719
2022-02-26,-0.00215446
2022-02-27,-0.00216378
2022-02-28,0.00183885
2022-03-01,-0.00116589
2022-03-02,-0.00300501
2022-03-03,-0.00151159
2022-03-04,-0.00522237
2022-03-05,0.00612870
2022-03-06,0.00353179
2022-03-07,0.00668003
2022-03-08,0.01120633
2022-03-09,0.00225661
2022-03-10,0.01588575
2022-03-11,-0.00015552
2022-03-12,-0.00404480
2022-03-13,-0.00188206
2022-03-14,0.00251889
2022-03-15,-0.00172306
2022-03-16,-0.01304621
2022-03-17,0.01743060
2022-03-18,-0.00202745
2022-03-19,0.00360163
2022-03-20,0.00466418
2022-03-21,-0.00169439
2022-03-22,0.00200927
2022-03-23,-0.00969828
2022-03-24,-0.00219780
2022-03-25,0.00819931
2022-03-26,0.00465405
2022-03-27,0.00184445
2022-03-28,-0.00612557
2022-03-29,-0.01007752
2022-03-30,-0.00047468
2022-03-31,-0.00696864
2022-04-01,0.00401542
2022-04-02,0.00637349
2022-04-03,-0.00361863
2022-04-04,0.00554675
2022-04-05,-0.00344828
2022-04-06,-0.00252525
2022-04-07,0.00079315
2022-04-08,-0.00253405
2022-04-09,0.00748169
2022-04-10,0.00548934
2022-04-11,-0.00465405
2022-04-12,0.00234889
2022-04-13,0.00171446
2022-04-14,0.00000000
2022-04-15,0.00994098
2022-04-16,-0.00593969
2022-04-17,0.00107891
2022-04-18,0.00553676
2022-04-19,-0.00973532
2022-04-20,-0.00465405
2022-04-21,0.01127466
2022-04-22,-0.00290965
2022-04-23,0.00292668
2022-04-24,0.00091884
2022-04-25,-0.00137573
2022-04-26,-0.00260576
2022-04-27,0.00015408
2022-04-28,0.00693161
2022-04-29,-0.00151930
2022-04-30,0.01295337
2022-05-01,-0.00861557
2022-05-02,0.00166264
2022-05-03,-0.00798433
2022-05-04,-0.00673607
2022-05-05,0.00062073
2022-05-06,-0.00201488
2022-05-07,0.00000000
2022-05-08,-0.00700280
2022-05-09,-0.00157828
2022-05-10,0.01646612
2022-05-11,0.00383200
2022-05-12,0.00654092
2022-05-13,0.00285285
2022-05-14,0.00134368
2022-05-15,0.00595593
2022-05-16,0.01427310
2022-05-17,-0.00557940
2022-05-18,0.00405093
2022-05-19,-0.00932836
2022-05-20,0.00424101
2022-05-21,0.00116009
2022-05-22,0.00434028
2022-05-23,0.00215146
2022-05-24,-0.00057127
2022-05-25,0.00886474
2022-05-26,0.00280978
2022-05-27,0.01816150
2022-05-28,-0.00808843
2022-05-29,-0.00191833
2022-05-30,-0.00495186
2022-05-31,0.00903029
2022-06-01,0.00532205
2022-06-02,0.00310559
2022-06-03,0.00496511
2022-06-04,-0.00199309
2022-06-05,0.00373533
2022-06-06,-0.00158898
2022-06-07,0.00332094
2022-06-08,0.00026392
2022-06-09,-0.00329728
2022-06-10,0.01101965
2022-06-11,0.00558587
2022-06-12,0.00372559
2022-06-13,-0.01989288
2022-06-14,-0.00810093
2022-06-15,-0.01417387
2022-06-16,-0.00361211
2022-06-17,0.00405821
2022-06-18,-0.00638534
2022-06-19,0.01138920
2022-06-20,0.00508661
2022-06-21,0.00435493
2022-06-22,0.00634107
2022-06-23,0.00293099
2022-06-24,-0.01019868
2022-06-25,-0.00540833
2022-06-26,0.00177693
2022-06-27,0.00503950
2022-06-28,0.00593312
2022-06-29,-0.00573028
2022-06-30,0.00390941
2022-07-01,-0.00107009
2022-07-02,0.00174263
2022-07-03,-0.00040075
2022-07-04,-0.00655080
2022-07-05,0.00474126
2022-07-06,-0.00375738
2022-07-07,-0.00256896
2022-07-08,0.01060071
2022-07-09,0.00625499
2022-07-10,-0.00065720
2022-07-11,0.00039484
2022-07-12,0.00328774
2022-07-13,-0.00535668
2022-07-14,0.00594295
2022-07-15,-0.00052206
2022-07-16,-0.00405017
2022-07-17,-0.00658588
2022-07-18,-0.02989856
2022-07-19,0.00099375
2022-07-20,0.00495891
2022-07-21,-0.00252525
2022-07-22,-0.00126904
2022-07-23,-0.00819904
2022-07-24,0.00071860
2022-07-25,0.00358783
2022-07-26,0.00227985
2022-07-27,-0.00680851
2022-07-28,-0.00273224
2022-07-29,0.00448236
2022-07-30,-0.01905990
2022-07-31,0.00595948
2022-08-01,-0.00132509
2022-08-02,0.00324771
2022-08-03,-0.00102669
2022-08-04,0.00808348
2022-08-05,-0.01243853
2022-08-06,0.01260753
2022-08-07,-0.00014468
2022-08-08,-0.00217077
2022-08-09,-0.00058140
2022-08-10,-0.00436554
2022-08-11,-0.00513799
2022-08-12,-0.00148324
2022-08-13,-0.00148765
2022-08-14,0.00328260
2022-08-15,0.00088942
2022-08-16,0.00221959
2022-08-17,-0.00029464
2022-08-18,-0.00176887
2022-08-19,0.00650888
2022-08-20,0.00788551
2022-08-21,-0.00043128
2022-08-22,-0.00834532
2022-08-23,-0.00599941
2022-08-24,-0.00311019
2022-08-25,0.00193741
2022-08-26,0.00400831
2022-08-27,0.00309278
2022-08-28,0.00775761
2022-08-29,-0.00461228
2022-08-30,-0.00465522
2022-08-31,-0.00807636
2022-09-01,-0.00179104
2022-09-02,0.00104853
2022-09-03,-0.00538117
2022-09-04,0.00256875
2022-09-05,-0.01217679
2022-09-06,0.00000000
2022-09-07,0.00123267
2022-09-08,-0.00230556
2022-09-09,0.00416924
2022-09-10,-0.00260337
2022-09-11,-0.00138547
2022-09-12,0.00123495
2022-09-13,-0.00446566
2022-09-14,0.00015538
2022-09-15,0.00403852
2022-09-16,0.00570108
2022-09-17,-0.00228519
2022-09-18,0.00795837
2022-09-19,-0.00045194
2022-09-20,0.01145959
2022-09-21,0.00176887
2022-09-22,-0.00293772
2022-09-23,-0.00221631
2022-09-24,0.00281983
2022-09-25,0.00250885
2022-09-26,0.00279001
2022-09-27,0.01051402
2022-09-28,0.00371854
2022-09-29,0.00099375
2022-09-30,0.00354208
2022-10-01,-0.00070343
2022-10-02,0.00394477
2022-10-03,0.00377411
2022-10-04,0.00221976
2022-10-05,-0.00469613
2022-10-06,0.00348578
2022-10-07,0.00304625
2022-10-08,0.00330306
2022-10-09,-0.00205086
2022-10-10,0.00329489
2022-10-11,0.00681942
2022-10-12,0.00417115
2022-10-13,0.00613824
2022-10-14,0.00000000
2022-10-15,-0.00553651
2022-10-16,0.00093308
2022-10-17,-0.00425758
2022-10-18,0.00241546
2022-10-19,0.01081731
2022-10-20,-0.00156863
2022-10-21,-0.00721217
2022-10-22,0.00079830
2022-10-23,-0.00039851
2022-10-24,0.00412124
2022-10-25,-0.00092300
2022-10-26,0.00554822
2022-10-27,-0.00261301
2022-10-28,-0.00157604
2022-10-29,0.00395257
2022-10-30,0.00418301
2022-10-31,0.00259269
2022-11-01,0.00077379
2022-11-02,0.01197528
2022-11-03,-0.00100604
2022-11-04,0.00541835
2022-11-05,-0.01059586
2022-11-06,0.00471218
2022-11-07,0.00416351
2022-11-08,0.01676677
2022-11-09,-0.01222760
2022-11-10,0.00670141
2022-11-11,-0.00036738
2022-11-12,0.00600490
2022-11-13,-0.01307823
2022-11-14,0.00497389
2022-11-15,-0.00049249
2022-11-16,0.00123244
2022-11-17,0.00086059
2022-11-18,0.00073638
2022-11-19,-0.00159314
2022-11-20,0.00356528
2022-11-21,-0.00842285
2022-11-22,-0.00260740
2022-11-23,0.00511732
2022-11-24,0.00654806
2022-11-25,0.00048780
2022-11-26,-0.00012183
2022-11-27,-0.00194979
2022-11-28,-0.00048936
2022-11-29,-0.00416361
2022-11-30,-0.00148185
2022-12-01,0.00024771
2022-12-02,0.00284724
2022-12-03,0.00418513
2022-12-04,-0.00415039
2022-12-05,-0.01046283
2022-12-06,-0.00150867
2022-12-07,0.00264817
2022-12-08,0.00790266
2022-12-09,0.00308718
2022-12-10,0.00073638
2022-12-11,0.00281863
2022-12-12,0.00402145
2022-12-13,-0.00145068
2022-12-14,0.00133366
2022-12-15,0.00120919
2022-12-16,0.01025332
2022-12-17,0.00638298
2022-12-18,0.00583567
2022-12-19,0.00957545
2022-12-20,-0.00079239
2022-12-21,-0.00170068
2022-12-22,-0.00091013
2022-12-23,-0.00569866
2022-12-24,0.00011529
2022-12-25,0.00161365
2022-12-26,0.00183824
2022-12-27,0.00148810
2022-12-28,0.00798904
2022-12-29,0.00797574
2022-12-30,-0.00165856
2022-12-31,-0.00177502
2023-01-01,-0.00122467
2023-01-02,-0.00736607
2023-01-03,0.00147259
2023-01-04,-0.00926135
2023-01-05,0.00138090
2023-01-06,-0.00470507
2023-01-07,-0.00695088
2023-01-08,0.00011748
2023-01-09,-0.00587268
2023-01-10,0.00000000
2023-01-11,0.00974566
2023-01-12,0.00244812
2023-01-13,-0.01740139
2023-01-14,-0.00444712
2023-01-15,0.00303177
2023-01-16,0.00445998
2023-01-17,0.00083632
2023-01-18,-0.00333969
2023-01-19,0.00264169
2023-01-20,-0.00023889
2023-01-21,-0.00478011
2023-01-22,-0.01134170
2023-01-23,0.00197531
2023-01-24,0.00209051
2023-01-25,-0.00183688
2023-01-26,-0.00221239
2023-01-27,0.01024691
2023-01-28,0.00423421
2023-01-29,-0.00587812
2023-01-30,-0.00169944
2023-01-31,-0.00158343
2023-02-01,-0.00085533
2023-02-02,0.00318237
2023-02-03,-0.00048650
2023-02-04,0.00182615
2023-02-05,0.00145560
2023-02-06,-0.00096759
2023-02-07,-0.01260301
2023-02-08,0.00223769
2023-02-09,-0.00061881
2023-02-10,0.00136307
2023-02-11,0.00395452
2023-02-12,0.00404610
2023-02-13,-0.00352712
2023-02-14,0.00110240
2023-02-15,0.00598876
2023-02-16,-0.00591787
2023-02-17,-0.00708873
2023-02-18,-0.00508306
2023-02-19,0.00425852
2023-02-20,0.00471932
2023-02-21,0.00455217
2023-02-22,0.00536455
2023-02-23,-0.00313631
2023-02-24,-0.00206361
2023-02-25,0.00146270
2023-02-26,0.00194458
2023-02-27,0.00024213
2023-02-28,0.00242014
2023-03-01,-0.00662331
2023-03-02,-0.00231877
2023-03-03,-0.00858264
2023-03-04,0.00548902
2023-03-05,0.00209773
2023-03-06,-0.00086016
2023-03-07,0.00147710
2023-03-08,0.01178203
2023-03-09,-0.01115108
2023-03-10,-0.00306598
2023-03-11,0.01159921
2023-03-12,0.00084419
2023-03-13,0.00698290
2023-03-14,-0.00308715
2023-03-15,0.00609319
2023-03-16,-0.00141643
2023-03-17,-0.00497159
2023-03-18,-0.00251076
2023-03-19,0.00156212
2023-03-20,0.00551030
2023-03-21,0.00722749
2023-03-22,-0.01074515
2023-03-23,-0.00107424
2023-03-24,-0.00203349
2023-03-25,0.00432380
2023-03-26,0.00130984
2023-03-27,0.00000000
2023-03-28,-0.00023753
2023-03-29,0.00962452
2023-03-30,0.00326416
2023-03-31,0.01135047
2023-04-01,-0.00045300
2023-04-02,-0.00442077
2023-04-03,-0.00583257
2023-04-04,-0.00011571
2023-04-05,0.00324074
2023-04-06,-0.00367985
2023-04-07,-0.00544486
2023-04-08,0.00081986
2023-04-09,0.00058466
2023-04-10,-0.00233590
2023-04-11,0.00281624
2023-04-12,-0.00350058
2023-04-13,0.00047004
2023-04-14,-0.00105659
2023-04-15,0.00388235
2023-04-16,0.00280177
2023-04-17,-0.00789413
2023-04-18,0.00778485
2023-04-19,-0.00603949
2023-04-20,-0.00070538
2023-04-21,0.00329644
2023-04-22,0.00561404
2023-04-23,0.00185057
2023-04-24,-0.00207421
2023-04-25,0.00323999
2023-04-26,0.00252932
2023-04-27,0.00091512
2023-04-28,-0.00045673
2023-04-29,-0.00080000
2023-04-30,0.00721154
2023-05-01,-0.00519070
2023-05-02,-0.00387685
2023-05-03,-0.00172374
2023-05-04,0.00345941
2023-05-05,0.00801649
2023-05-06,0.00349414
2023-05-07,-0.00201478
2023-05-08,0.00449539
2023-05-09,-0.00389842
2023-05-10,-0.00168388
2023-05-11,0.00371705
2023-05-12,-0.00201252
2023-05-13,0.00000000
2023-05-14,-0.00190840
2023-05-15,-0.00259184
2023-05-16,-0.00249207
2023-05-17,-0.00637523
2023-05-18,0.00092251
2023-05-19,0.00207182
2023-05-20,0.00034388
2023-05-21,0.00091638
2023-05-22,0.00651727
2023-05-23,-0.00112867
2023-05-24,-0.00180995
2023-05-25,-0.00613079
2023-05-26,-0.00333333
2023-05-27,0.00289285
2023-05-28,0.00057524
2023-05-29,0.00126408
2023-05-30,0.00045851
2023-05-31,-0.00103069
2023-06-01,-0.00906587
2023-06-02,0.00327256
2023-06-03,-0.00023223
2023-06-04,-0.00441450
2023-06-05,0.00164088
2023-06-06,0.00093458
2023-06-07,-0.00209888
2023-06-08,0.00316159
2023-06-09,-0.00349081
2023-06-10,0.01652215
2023-06-11,0.00249546
2023-06-12,-0.00022573
2023-06-13,0.00033875
2023-06-14,-0.00067705
2023-06-15,-0.00915254
2023-06-16,0.00195672
2023-06-17,0.00217840
2023-06-18,0.00308219
2023-06-19,-0.00215566
2023-06-20,-0.00615314
2023-06-21,0.01407476
2023-06-22,0.00763016
2023-06-23,-0.00751547
2023-06-24,-0.00089767
2023-06-25,0.01629946
2023-06-26,-0.00609623
2023-06-27,0.00716332
2023-06-28,0.00391134
2023-06-29,-0.00086244
2023-06-30,0.00183585
2023-07-01,-0.00430385
2023-07-02,0.00477534
2023-07-03,0.00021501
2023-07-04,-0.00075220
2023-07-05,0.00075334
2023-07-06,-0.00118203
2023-07-07,-0.00096941
2023-07-08,0.00431686
2023-07-09,-0.00310293
2023-07-10,0.00344531
2023-07-11,0.00021386
2023-07-12,-0.00502351
2023-07-13,0.06424098
2023-07-14,-0.00440107
2023-07-15,0.00183398
2023-07-16,-0.00240431
2023-07-17,-0.01333591
2023-07-18,-0.00248213
2023-07-19,0.00019956
2023-07-20,0.00359066
2023-07-21,-0.00128738
2023-07-22,0.00059571
2023-07-23,-0.00009917
2023-07-24,-0.00009919
2023-07-25,0.00238095
2023-07-26,0.00246840
2023-07-27,-0.00078601
2023-07-28,0.00649478
2023-07-29,-0.00359433
2023-07-30,-0.00176125
2023-07-31,0.00422231
2023-08-01,0.00175268
2023-08-02,-0.00310499
2023-08-03,0.00595587
2023-08-04,-0.00173678
2023-08-05,0.00242060
2023-08-06,0.00433610
2023-08-07,-0.00286588
2023-08-08,0.00807071
2023-08-09,-0.00434947
2023-08-10,-0.00066768
2023-08-11,-0.00105062
2023-08-12,-0.00277565
2023-08-13,0.00442733
2023-08-14,0.00362526
2023-08-15,0.00312559
2023-08-16,0.00376506
2023-08-17,-0.00560538
2023-08-18,-0.00444067
2023-08-19,0.00266921
2023-08-20,0.00682723
2023-08-21,-0.00589336
2023-08-22,-0.00179856
2023-08-23,0.00304009
2023-08-24,-0.00075543
2023-08-25,0.00520144
2023-08-26,0.00102958
2023-08-27,0.00074724
2023-08-28,0.00447678
2023-08-29,-0.00231096
2023-08-30,-0.00733655
2023-08-31,-0.00254477
2023-09-01,0.00094733
2023-09-02,0.00066188
2023-09-03,0.00519358
2023-09-04,0.00121495
2023-09-05,-0.00503450
2023-09-06,0.00527406
2023-09-07,0.00205033
2023-09-08,0.00361983
2023-09-09,0.00110579
2023-09-10,0.00864288
2023-09-11,-0.00117498
2023-09-12,0.00489219
2023-09-13,-0.00143549
2023-09-14,0.00377902
2023-09-15,0.00142883
2023-09-16,-0.00454141
2023-09-17,0.00359454
2023-09-18,-0.00053533
2023-09-19,0.00116113
2023-09-20,-0.00008911
2023-09-21,-0.00142602
2023-09-22,-0.00420093
2023-09-23,-0.00054083
2023-09-24,-0.00378993
2023-09-25,0.00009093
2023-09-26,-0.00100000
2023-09-27,-0.00191292
2023-09-28,-0.00073153
2023-09-29,-0.00384615
2023-09-30,0.00000000
2023-10-01,0.00018457
2023-10-02,0.00092251
2023-10-03,0.01160221
2023-10-04,0.00233981
2023-10-05,0.00376209
2023-10-06,-0.00053343
2023-10-07,0.00338199
2023-10-08,0.00221004
2023-10-09,0.00114416
2023-10-10,0.00122936
2023-10-11,-0.00359145
2023-10-12,-0.00352920
2023-10-13,-0.00053314
2023-10-14,0.00035581
2023-10-15,0.00293333
2023-10-16,0.00141393
2023-10-17,0.00088121
2023-10-18,0.00026390
2023-10-19,0.01028662
2023-10-20,-0.00094762
2023-10-21,-0.00077680
2023-10-22,-0.00484094
2023-10-23,0.00881634
2023-10-24,-0.00514668
2023-10-25,-0.00615358
2023-10-26,-0.00587926
2023-10-27,0.00586042
2023-10-28,-0.00684571
2023-10-29,-0.00062289
2023-10-30,0.00285103
2023-10-31,0.00177179
2023-11-01,-0.00891596
2023-11-02,0.00296603
2023-11-03,-0.00276984
2023-11-04,-0.00467206
2023-11-05,-0.00090695
2023-11-06,-0.00408868
2023-11-07,0.00265665
2023-11-08,-0.00291598
2023-11-09,-0.00082493
2023-11-10,-0.00615130
2023-11-11,-0.00158022
2023-11-12,-0.00484894
2023-11-13,-0.00668550
2023-11-14,0.00324489
2023-11-15,0.00303433
2023-11-16,-0.00377003
2023-11-17,0.00702754
2023-11-18,0.00412062
2023-11-19,-0.00306521
2023-11-20,0.00859813
2023-11-21,0.00000000
2023-11-22,0.00588019
2023-11-23,0.00090810
2023-11-24,-0.00353517
2023-11-25,-0.00502100
2023-11-26,-0.00046108
2023-11-27,-0.00369208
2023-11-28,0.00223173
2023-11-29,0.00286984
2023-11-30,0.00147275
2023-12-01,-0.00128488
2023-12-02,-0.00883327
2023-12-03,0.00337205
2023-12-04,-0.00465203
2023-12-05,0.00328700
2023-12-06,0.00774398
2023-12-07,-0.02241823
2023-12-08,0.00221239
2023-12-09,0.00584179
2023-12-10,-0.00965543
2023-12-11,-0.00424710
2023-12-12,-0.00136293
2023-12-13,0.00468567
2023-12-14,0.00048356
2023-12-15,0.00164251
2023-12-16,0.00096302
2023-12-17,0.00221069
2023-12-18,0.00210526
2023-12-19,0.00571755
2023-12-20,-0.00188430
2023-12-21,-0.01655003
2023-12-22,-0.00567293
2023-12-23,-0.00880491
2023-12-24,-0.01137966
2023-12-25,-0.00474031
2023-12-26,0.00374532
2023-12-27,0.00919042
2023-12-28,-0.00040560
2023-12-29,-0.00202963
2023-12-30,0.01151416
2023-12-31,-0.00856574
2024-01-01,-0.01368058
2024-01-02,0.00698062
2024-01-03,0.00020551
2024-01-04,-0.00277321
2024-01-05,-0.00784962
2024-01-06,0.00818468
2024-01-07,0.00123890
2024-01-08,-0.00123584
2024-01-09,-0.00567830
2024-01-10,-0.01984127
2024-01-11,-0.01065681
2024-01-12,-0.00277778
2024-01-13,0.00748603
2024-01-14,0.00935711
2024-01-15,0.00345796
2024-01-16,-0.00107319
2024-01-17,0.00161325
2024-01-18,0.00600343
2024-01-19,0.00381356
2024-01-20,0.00567704
2024-01-21,-0.00228690
2024-01-22,0.00167084
2024-01-23,-0.00270608
2024-01-24,-0.00062788
2024-01-25,0.00461023
2024-01-26,-0.00166113
2024-01-27,-0.00250000
2024-01-28,-0.00031407
2024-01-29,0.00240939
2024-01-30,-0.00802752
2024-01-31,0.00784064
2024-02-01,0.00083455
2024-02-02,-0.00406165
2024-02-03,0.00199496
2024-02-04,0.00167329
2024-02-05,0.00072962
2024-02-06,-0.02654038
2024-02-07,-0.00065949
2024-02-08,0.00275149
2024-02-09,-0.00218914
2024-02-10,0.00109938
2024-02-11,-0.00032909
2024-02-12,-0.00087816
2024-02-13,0.00318892
2024-02-14,0.00393357
2024-02-15,0.02482654
2024-02-16,0.00743648
2024-02-17,0.00386729
2024-02-18,0.00050495
2024-02-19,0.00655771
2024-02-20,0.00129456
2024-02-21,0.00536353
2024-02-22,-0.00176887
2024-02-23,0.02357002
2024-02-24,-0.00433227
2024-02-25,0.00161505
2024-02-26,0.00606061
2024-02-27,0.01796407
2024-02-28,0.01165101
2024-02-29,-0.00203001
2024-03-01,0.00451967
2024-03-02,-0.01282276
2024-03-03,-0.00162250
2024-03-04,0.00750588
2024-03-05,-0.01897719
2024-03-06,0.00027783
2024-03-07,0.00555350
2024-03-08,-0.00054925
2024-03-09,0.00018328
2024-03-10,0.00934408
2024-03-11,0.00206835
2024-03-12,0.01531435
2024-03-13,0.01868266
2024-03-14,-0.01415648
2024-03-15,0.00413793
2024-03-16,-0.00008550
2024-03-17,0.01068924
2024-03-18,0.01021433
2024-03-19,-0.03281917
2024-03-20,0.01835265
2024-03-21,-0.00575978
2024-03-22,0.00231362
2024-03-23,0.00580007
2024-03-24,-0.00160202
2024-03-25,0.00431399
2024-03-26,-0.01257967
2024-03-27,-0.00507571
2024-03-28,-0.00008691
2024-03-29,-0.00669332
2024-03-30,0.00405286
2024-03-31,-0.01040028
2024-04-01,0.00580150
2024-04-02,-0.00811717
2024-04-03,0.01156951
2024-04-04,0.00666199
2024-04-05,-0.00008651
2024-04-06,0.00181692
2024-04-07,-0.00913793
2024-04-08,0.00755181
2024-04-09,0.01262976
2024-04-10,0.00624367
2024-04-11,0.01383333
2024-04-12,0.01410963
2024-04-13,0.01001577
2024-04-14,-0.00564404
2024-04-15,-0.00226775
2024-04-16,-0.00644148
2024-04-17,-0.00238739
2024-04-18,0.00127939
2024-04-19,-0.00239273
2024-04-20,-0.00536945
2024-04-21,0.00437459
2024-04-22,0.00377449
2024-04-23,0.03531006
2024-04-24,0.00402025
2024-04-25,-0.00044313
2024-04-26,0.00140449
2024-04-27,-0.00825593
2024-04-28,0.00809474
2024-04-29,0.00250774
2024-04-30,0.00088067
2024-05-01,-0.00439560
2024-05-02,0.00598670
2024-05-03,-0.00306748
2024-05-04,-0.00558495
2024-05-05,-0.00118906
2024-05-06,-0.00499106
2024-05-07,0.00188111
2024-05-08,0.01206897
2024-05-09,0.00387937
2024-05-10,0.01350959
2024-05-11,0.00190948
2024-05-12,-0.00028181
2024-05-13,0.00345411
2024-05-14,0.00588071
2024-05-15,-0.00588154
2024-05-16,-0.00336087
2024-05-17,-0.00923446
2024-05-18,0.00086182
2024-05-19,0.00365644
2024-05-20,-0.02007117
2024-05-21,-0.00385585
2024-05-22,0.00276491
2024-05-23,-0.01040428
2024-05-24,0.00554038
2024-05-25,-0.00345293
2024-05-26,0.00068027
2024-05-27,-0.01019022
2024-05-28,-0.00192634
2024-05-29,0.00618812
2024-05-30,0.00099328
2024-05-31,0.00099131
2024-06-01,0.00083714
2024-06-02,0.01238414
2024-06-03,0.00889680
2024-06-04,0.00677448
2024-06-05,-0.00114992
2024-06-06,0.00914854
2024-06-07,0.00007074
2024-06-08,0.00650729
2024-06-09,0.00328166
2024-06-10,0.00499445
2024-06-11,0.00233516
2024-06-12,-0.00123052
2024-06-13,0.00932018
2024-06-14,0.00538213
2024-06-15,-0.00599042
2024-06-16,0.00309890
2024-06-17,0.01412694
2024-06-18,-0.00266962
2024-06-19,-0.00739722
2024-06-20,0.00239203
2024-06-21,-0.00892739
2024-06-22,0.00504982
2024-06-23,0.00033329
2024-06-24,-0.01758593
2024-06-25,0.00352113
2024-06-26,0.00733580
2024-06-27,-0.00162162
2024-06-28,0.00474512
2024-06-29,0.00342466
2024-06-30,-0.00513539
2024-07-01,0.00916442
2024-07-02,0.00145580
2024-07-03,0.00376089
2024-07-04,0.00000000
2024-07-05,0.01132940
2024-07-06,-0.00499488
2024-07-07,-0.00620957
2024-07-08,0.00104794
2024-07-09,-0.00071895
2024-07-10,-0.00530174
2024-07-11,0.00291082
2024-07-12,0.00513023
2024-07-13,0.01263021
2024-07-14,-0.00317501
2024-07-15,-0.00734918
2024-07-16,-0.00758853
2024-07-17,-0.00243678
2024-07-18,-0.00225017
2024-07-19,-0.00531844
2024-07-20,-0.00490525
2024-07-21,-0.00217155
2024-07-22,-0.00143130
2024-07-23,-0.00088859
2024-07-24,0.00766913
2024-07-25,0.01045320
2024-07-26,-0.00812525
2024-07-27,-0.00067150
2024-07-28,0.00558096
2024-07-29,-0.00525336
2024-07-30,0.00692204
2024-07-31,-0.00033143
2024-08-01,0.00278588
2024-08-02,0.00105541
2024-08-03,0.00125066
2024-08-04,0.00144452
2024-08-05,0.00942779
2024-08-06,-0.00025704
2024-08-07,0.00321461
2024-08-08,-0.01756739
2024-08-09,0.00079449
2024-08-10,0.00350344
2024-08-11,-0.00137850
2024-08-12,-0.01086098
2024-08-13,0.00733414
2024-08-14,0.00338196
2024-08-15,-0.00052694
2024-08-16,0.00573652
2024-08-17,0.00032595
2024-08-18,0.00052117
2024-08-19,0.00885071
2024-08-20,0.00863282
2024-08-21,-0.00609756
2024-08-22,0.00591829
2024-08-23,-0.01031447
2024-08-24,-0.00629335
2024-08-25,0.00123569
2024-08-26,0.00038926
2024-08-27,-0.00045378
2024-08-28,-0.00441215
2024-08-29,0.00844462
2024-08-30,-0.00373375
2024-08-31,0.00123233
2024-09-01,0.00388199
2024-09-02,-0.00892399
2024-09-03,0.00549091
2024-09-04,-0.00116384
2024-09-05,-0.00252754
2024-09-06,-0.00299635
2024-09-07,-0.00065531
2024-09-08,0.00387139
2024-09-09,-0.00410210
2024-09-10,0.00341387
2024-09-11,0.00502087
2024-09-12,-0.00200129
2024-09-13,-0.00226860
2024-09-14,0.00423232
2024-09-15,0.00458419
2024-09-16,-0.00326296
2024-09-17,-0.00103040
2024-09-18,-0.00580795
2024-09-19,-0.00496213
2024-09-20,-0.00567133
2024-09-21,-0.00240128
2024-09-22,0.00207775
2024-09-23,0.00327059
2024-09-24,-0.00583554
2024-09-25,-0.00409286
2024-09-26,0.00317954
2024-09-27,-0.00766335
2024-09-28,0.00047788
2024-09-29,0.00054563
2024-09-30,-0.00115820
2024-10-01,-0.00860421
2024-10-02,-0.00451640
2024-10-03,0.00680129
2024-10-04,-0.00684837
2024-10-05,0.00231449
2024-10-06,-0.00691148
2024-10-07,-0.00375195
2024-10-08,0.00791726
2024-10-09,0.00505547
2024-10-10,0.00507438
2024-10-11,-0.00571153
2024-10-12,-0.01058054
2024-10-13,-0.00348457
2024-10-14,0.00279290
2024-10-15,0.00256374
2024-10-16,0.00333003
2024-10-17,0.00197072
2024-10-18,-0.00469714
2024-10-19,0.00254777
2024-10-20,-0.00176032
2024-10-21,-0.00233183
2024-10-22,0.00496947
2024-10-23,0.00070294
2024-10-24,0.00273761
2024-10-25,0.01054175
2024-10-26,0.00000000
2024-10-27,-0.00164091
2024-10-28,0.00137193
2024-10-29,-0.00643043
2024-10-30,-0.00090090
2024-10-31,-0.00055540
2024-11-01,0.00583820
2024-11-02,0.00364111
2024-11-03,0.00225072
2024-11-04,0.00353069
2024-11-05,-0.01146170
2024-11-06,-0.01752691
2024-11-07,0.00872426
2024-11-08,0.00885578
2024-11-09,-0.00600829
2024-11-10,0.00244653
2024-11-11,0.00139121
2024-11-12,0.02608213
2024-11-13,-0.01885549
2024-11-14,0.00561798
2024-11-15,0.00833333
2024-11-16,0.01732640
2024-11-17,0.00837305
2024-11-18,0.00462435
2024-11-19,0.01525232
2024-11-20,0.00127908
2024-11-21,-0.01452005
2024-11-22,0.00437993
2024-11-23,0.00037216
2024-11-24,-0.00700384
2024-11-25,-0.01533819
2024-11-26,-0.00713359
2024-11-27,0.00072368
2024-11-28,0.00407305
2024-11-29,-0.00195491
2024-11-30,-0.00542981
2024-12-01,0.00423280
2024-12-02,0.00249213
2024-12-03,0.10114853
2024-12-04,-0.00640469
2024-12-05,-0.00593798
2024-12-06,0.00801246
2024-12-07,-0.00125958
2024-12-08,0.00708246
2024-12-09,-0.01212646
2024-12-10,0.01081891
2024-12-11,-0.00005431
2024-12-12,0.00065175
2024-12-13,-0.00287481
2024-12-14,0.00463721
2024-12-15,-0.00324324
2024-12-16,-0.00087051
2024-12-17,0.00528668
2024-12-18,0.00151009
2024-12-19,0.00618346
2024-12-20,-0.00106225
2024-12-21,0.00202257
2024-12-22,-0.00514207
2024-12-23,-0.01215854
2024-12-24,0.00565437
2024-12-25,0.00884812
2024-12-26,0.00560060
2024-12-27,0.00400886
2024-12-28,-0.00402930
2024-12-29,0.00036928
2024-12-30,-0.00474433
2024-12-31,0.00335285
2025-01-01,0.00010573
2025-01-02,-0.00047569
2025-01-03,-0.00745953
2025-01-04,-0.00929108
2025-01-05,-0.00508920
2025-01-06,0.00901150
2025-01-07,0.00423591
2025-01-08,0.01152396
2025-01-09,-0.00168439
2025-01-10,0.00095067
2025-01-11,0.00295203
2025-01-12,0.00241065
2025-01-13,0.00589340
2025-01-14,-0.00149485
2025-01-15,-0.00253335
2025-01-16,0.01205571
2025-01-17,-0.00619038
2025-01-18,0.00554871
2025-01-19,-0.00279472
2025-01-20,0.00097087
2025-01-21,-0.00168299
2025-01-22,0.01028554
2025-01-23,-0.00045126
2025-01-24,-0.00055204
2025-01-25,0.00321543
2025-01-26,0.00614018
2025-01-27,0.00838347
2025-01-28,0.01590843
2025-01-29,-0.00324340
2025-01-30,-0.00548827
2025-01-31,-0.00597972
2025-02-01,0.01375036
2025-02-02,0.00956555
2025-02-03,-0.00282042
2025-02-04,-0.00641681
2025-02-05,0.00127179
2025-02-06,0.00822214
2025-02-07,-0.00050846
2025-02-08,0.00166574
2025-02-09,-0.00202915
2025-02-10,-0.00981663
2025-02-11,0.00604572
2025-02-12,0.00214672
2025-02-13,-0.00659851
2025-02-14,-0.00456772
2025-02-15,0.00484745
2025-02-16,0.00517745
2025-02-17,-0.00400634
2025-02-18,-0.00197239
2025-02-19,-0.00971240
2025-02-20,-0.01197231
2025-02-21,0.00669951
2025-02-22,0.00301381
2025-02-23,0.00048319
2025-02-24,0.01182661
2025-02-25,-0.00848816
2025-02-26,-0.01194474
2025-02-27,-0.00216237
2025-02-28,-0.00429418
2025-03-01,0.01418899
2025-03-02,0.00058095
2025-03-03,0.02224371
2025-03-04,0.00925926
2025-03-05,-0.00050000
2025-03-06,0.00505051
2025-03-07,-0.00180180
2025-03-08,0.00135624
2025-03-09,0.00428314
2025-03-10,0.00344211
2025-03-11,-0.00563843
2025-03-12,-0.00637629
2025-03-13,0.00741381
2025-03-14,-0.00497490
2025-03-15,0.01222273
2025-03-16,0.00932391
2025-03-17,-0.00633351
2025-03-18,0.00843585
2025-03-19,-0.01183892
2025-03-20,0.00464684
2025-03-21,0.00368324
2025-03-22,-0.00217637
2025-03-23,-0.00590190
2025-03-24,-0.00265440
2025-03-25,-0.00249066
2025-03-26,-0.00053638
2025-03-27,-0.00425094
2025-03-28,0.00252730
2025-03-29,0.00291872
2025-03-30,0.00321429
2025-03-31,0.00523421
2025-04-01,-0.00658472
2025-04-02,0.00346975
2025-04-03,-0.00044177
2025-04-04,-0.00742837
2025-04-05,0.00125673
2025-04-06,0.00756626
2025-04-07,0.00216107
2025-04-08,0.00404005
2025-04-09,-0.00444328
2025-04-10,0.00421941
2025-04-11,-0.00087169
2025-04-12,-0.00615613
2025-04-13,-0.02196976
2025-04-14,0.00846125
2025-04-15,0.00450123
2025-04-16,0.00405552
2025-04-17,-0.00040229
2025-04-18,-0.00442874
2025-04-19,-0.00690558
2025-04-20,-0.00045767
2025-04-21,0.00691709
2025-04-22,-0.00194289
2025-04-23,-0.02041187
2025-04-24,-0.00690438
2025-04-25,0.00119881
2025-04-26,-0.00043054
2025-04-27,0.00215455
2025-04-28,0.00758009
2025-04-29,0.00178454
2025-04-30,0.00037436
2025-05-01,-0.00210418
2025-05-02,0.00821751
2025-05-03,0.00291047
2025-05-04,-0.00068896
2025-05-05,-0.00298961
2025-05-06,0.00684805
2025-05-07,0.00255614
2025-05-08,-0.03056312
2025-05-09,-0.00217665
2025-05-10,-0.01423436
2025-05-11,0.00555056
2025-05-12,0.00558853
2025-05-13,-0.00880368
2025-05-14,0.00632281
2025-05-15,0.00457227
2025-05-16,0.00336159
2025-05-17,0.00266163
2025-05-18,-0.00919419
2025-05-19,0.00132405
2025-05-20,0.00112491
2025-05-21,0.00936951
2025-05-22,-0.00407166
2025-05-23,0.00381532
2025-05-24,0.00076687
2025-05-25,0.00301493
2025-05-26,-0.00313957
2025-05-27,-0.01124940
2025-05-28,-0.00514202
2025-05-29,0.00143493
2025-05-30,0.00764752
2025-05-31,0.00276995
2025-06-01,0.00251305
2025-06-02,-0.00206771
2025-06-03,-0.00391115
2025-06-04,0.00073000
2025-06-05,0.01141996
2025-06-06,-0.00280312
2025-06-07,-0.00219780
2025-06-08,0.00359919
2025-06-09,-0.00366876
2025-06-10,-0.01127964
2025-06-11,0.00098213
2025-06-12,0.00396981
2025-06-13,0.00622386
2025-06-14,0.00139276
2025-06-15,0.00244253
2025-06-16,0.00719664
2025-06-17,0.00469836
2025-06-18,-0.00353752
2025-06-19,0.00473467
2025-06-20,0.00482957
2025-06-21,0.00662313
2025-06-22,0.00208806
2025-06-23,-0.01455565
2025-06-24,-0.00493528
2025-06-25,0.01034515
2025-06-26,0.00179674
2025-06-27,-0.00257069
2025-06-28,-0.00327612
2025-06-29,-0.01040409
2025-06-30,0.01404041
2025-07-01,0.00230691
2025-07-02,-0.00638376
2025-07-03,-0.00041868
2025-07-04,0.00838067
2025-07-05,-0.00105321
2025-07-06,0.00197320
2025-07-07,0.00077704
2025-07-08,-0.00114093
2025-07-09,-0.00128076
2025-07-10,-0.00738329
2025-07-11,0.01024018
2025-07-12,0.00255428
2025-07-13,0.00058994
2025-07-14,-0.00031729
2025-07-15,-0.01324383
2025-07-16,0.00354081
2025-07-17,0.00263694
2025-07-18,-0.00846756
2025-07-19,-0.00617920
2025-07-20,-0.00459759
2025-07-21,0.00368351
2025-07-22,0.00574603
2025-07-23,0.01009390
2025-07-24,0.00073631
2025-07-25,-0.00817940
2025-07-26,0.00046716
2025-07-27,0.00644077
2025-07-28,0.00944613
2025-07-29,0.00610528
2025-07-30,0.00241265
2025-07-31,0.00475767
2025-08-01,-0.00418428
2025-08-02,-0.00128809
2025-08-03,0.00289455
2025-08-04,-0.00765961
2025-08-05,0.00067446
2025-08-06,-0.00044903
2025-08-07,-0.00773034
2025-08-08,-0.00534100
2025-08-09,-0.00595238
2025-08-10,0.00401606
2025-08-11,0.01139628
2025-08-12,-0.00634115
2025-08-13,-0.00431232
2025-08-14,0.00832948
2025-08-15,-0.00004552
2025-08-16,-0.00277677
2025-08-17,0.00585920
2025-08-18,0.00832504
2025-08-19,-0.00565198
2025-08-20,-0.00108030
2025-08-21,-0.00018044
2025-08-22,-0.00555054
2025-08-23,-0.00625171
2025-08-24,0.00914972
2025-08-25,0.00703394
2025-08-26,0.00407232
2025-08-27,-0.00301847
2025-08-28,-0.00451054
2025-08-29,-0.00162235
2025-08-30,0.00343612
2025-08-31,0.00399641
2025-09-01,0.00378653
2025-09-02,0.00269697
2025-09-03,-0.00303430
2025-09-04,0.00548624
2025-09-05,-0.00293217
2025-09-06,-0.00497447
2025-09-07,0.00062250
2025-09-08,-0.02295941
2025-09-09,0.00083783
2025-09-10,0.00116171
2025-09-11,-0.00287436
2025-09-12,-0.00456962
2025-09-13,0.00000000
2025-09-14,0.01054118
2025-09-15,0.00695917
2025-09-16,0.00568182
2025-09-17,-0.00889888
2025-09-18,-0.00677222
2025-09-19,0.00630856
2025-09-20,0.00522217
2025-09-21,0.00181340
2025-09-22,0.00162616
2025-09-23,0.00139577
2025-09-24,0.00255927
2025-09-25,-0.00299294
2025-09-26,-0.00305591
2025-09-27,0.00117562
2025-09-28,0.00239083
2025-09-29,0.01073000
2025-09-30,-0.00162623
2025-10-01,0.00789311
2025-10-02,0.00156277
2025-10-03,0.00501991
2025-10-04,0.00128535
2025-10-05,-0.00025641
2025-10-06,-0.00012827
2025-10-07,0.01005047
2025-10-08,-0.00096428
2025-10-09,0.00260439
2025-10-10,0.01399916
2025-10-11,0.00056911
2025-10-12,0.00389800
2025-10-13,-0.00539887
2025-10-14,-0.00276963
2025-10-15,-0.00081913
2025-10-16,-0.00036922
2025-10-17,-0.00894983
2025-10-18,0.00292618
2025-10-19,0.00199485
2025-10-20,0.00517427
2025-10-21,-0.00438381
2025-10-22,0.00371993
2025-10-23,-0.00168212
2025-10-24,-0.00160547
2025-10-25,0.00615346
2025-10-26,-0.00179504
2025-10-27,0.00229283
2025-10-28,0.00550212
2025-10-29,-0.00693381
2025-10-30,0.00584580
2025-10-31,0.00032326
2025-11-01,-0.00807624
2025-11-02,-0.00016418
2025-11-03,0.00743143
2025-11-04,-0.01011409
2025-11-05,0.00045421
2025-11-06,-0.00111386
2025-11-07,-0.02067312
2025-11-08,0.00129388
2025-11-09,0.01084057
2025-11-10,-0.00416842
2025-11-11,0.00424592
2025-11-12,0.00602055
2025-11-13,-0.00041601
2025-11-14,-0.00549588
2025-11-15,0.00686200
2025-11-16,-0.00037375
2025-11-17,0.00328319
2025-11-18,-0.00276631
2025-11-19,-0.01390849
2025-11-20,-0.00760164
2025-11-21,0.00975716
2025-11-22,0.00595491
2025-11-23,0.01076082
2025-11-24,-0.00094642
2025-11-25,-0.00564809
2025-11-26,0.01459428
2025-11-27,0.00166113
2025-11-28,0.00448231
2025-11-29,0.00064036
2025-11-30,0.00735470
2025-12-01,-0.00649965
2025-12-02,0.00411079
2025-12-03,0.00229594
2025-12-04,-0.00267949
2025-12-05,0.00697251
2025-12-06,-0.00289130
2025-12-07,0.00106107
2025-12-08,-0.00796078
2025-12-09,-0.00270981
2025-12-10,0.01061784
2025-12-11,0.00219711
2025-12-12,0.00023437
2025-12-13,-0.00394346
2025-12-14,0.00173160
2025-12-15,-0.00121578
2025-12-16,0.00939613
2025-12-17,0.00108050
2025-12-18,0.00623797
2025-12-19,-0.00038031
2025-12-20,0.00407247
2025-12-21,0.00592721
2025-12-22,-0.00067159
2025-12-23,-0.00306359
2025-12-24,-0.00409744
2025-12-25,0.00121286
2025-12-26,-0.00582275
2025-12-27,0.00068860
2025-12-28,0.00347647
2025-12-29,-0.00383185
2025-12-30,0.00439670
2025-12-31,0.00181915
2026-01-01,-0.02171286
2026-01-02,-0.00142113
2026-01-03,0.00855107
2026-01-04,-0.00560486
2026-01-05,0.00755786
2026-01-06,-0.00031022
2026-01-07,0.00345336
2026-01-08,0.00354528
2026-01-09,0.00110967
2026-01-10,0.00969762
2026-01-11,0.00917603
2026-01-12,0.00809121
2026-01-13,-0.00285921
2026-01-14,0.00367647
2026-01-15,0.00321602
2026-01-16,-0.00739624
2026-01-17,0.00379009
2026-01-18,0.00227865
2026-01-19,0.00324044
2026-01-20,-0.01141160
2026-01-21,0.00325816
2026-01-22,0.00381902
2026-01-23,-0.00054144
2026-01-24,-0.00242105
2026-01-25,-0.00196078
2026-01-26,0.00123943
2026-01-27,0.00709091
2026-01-28,-0.00939405
2026-01-29,-0.00292334
2026-01-30,-0.00069838
2026-01-31,-0.00824499
2026-02-01,-0.00838323
2026-02-02,0.00597594
2026-02-03,-0.00169262
2026-02-04,-0.00962409
2026-02-05,-0.02274302
2026-02-06,0.02652798
2026-02-07,0.00118683
2026-02-08,0.00572913
2026-02-09,-0.00030209
2026-02-10,0.00241820
2026-02-11,0.00150410
2026-02-12,-0.00412387
2026-02-13,0.00691767
2026-02-14,-0.00961969
2026-02-15,-0.00285128
2026-02-16,0.00068823
2026-02-17,-0.00404735
2026-02-18,0.00204019
2026-02-19,0.00088177
2026-02-20,0.00088021
2026-02-21,-0.00076406
2026-02-22,0.00608356
2026-02-23,-0.01357073
2026-02-24,-0.00143767
2026-02-25,-0.00798847
2026-02-26,0.00095042
2026-02-27,-0.00379447
2026-02-28,-0.00366417
2026-03-01,-0.00429305
2026-03-02,-0.00627276
2026-03-03,-0.00237705
2026-03-04,0.01400099
2026-03-05,0.00164237
2026-03-06,-0.00015971
2026-03-07,0.00347472
2026-03-08,-0.00130890
2026-03-09,-0.00055675
2026-03-10,0.00633012
2026-03-11,0.00404938
2026-03-12,-0.00350987
2026-03-13,-0.00757992
2026-03-14,0.00000000
2026-03-15,-0.00031903
2026-03-16,-0.01133280
2026-03-17,0.00759432
2026-03-18,-0.00084459
2026-03-19,-0.00020143
2026-03-20,0.00910850
2026-03-21,-0.00281032
2026-03-22,0.00346310
2026-03-23,-0.00494149
2026-03-24,-0.00710692
2026-03-25,0.00405022
2026-03-26,-0.00164725
2026-03-27,0.00515963
2026-03-28,0.00750080
2026-03-29,-0.00224057
2026-03-30,0.00201374
2026-03-31,0.00200566
2026-04-01,0.00607129
2026-04-02,-0.00147059
2026-04-03,0.00260053
2026-04-04,0.00046336
2026-04-05,0.00493789
2026-04-06,-0.00416380
2026-04-07,-0.01101695
2026-04-08,-0.00059083
2026-04-09,0.00354918
2026-04-10,0.00434646
2026-04-11,0.00015528
2026-04-12,0.00240609
2026-04-13,-0.00548432
2026-04-14,0.00585754
2026-04-15,-0.00162112
2026-04-16,-0.01181072
2026-04-17,0.00471960
2026-04-18,0.00789722
2026-04-19,-0.00003868
2026-04-20,0.00433235
2026-04-21,0.00697960
2026-04-22,-0.00158850
2026-04-23,0.00053119
2026-04-24,-0.00416919
2026-04-25,0.00493044
2026-04-26,0.00060556
2026-04-27,-0.00317532
2026-04-28,-0.00502168
2026-04-29,0.00388133
2026-04-30,0.00251678
2026-05-01,0.00455304
2026-05-02,-0.00150399
2026-05-03,0.00305476
2026-05-04,0.00907114
2026-05-05,0.00276121
2026-05-06,-0.01050820
2026-05-07,-0.00542299
2026-05-08,-0.01372505
2026-05-09,0.00703678
2026-05-10,0.00498390
2026-05-11,0.00728819
2026-05-12,0.00056121
2026-05-13,0.00411092
2026-05-14,0.00392913
2026-05-15,0.00555351
2026-05-16,0.00560163
2026-05-17,0.00039568
2026-05-18,-0.00848250
2026-05-19,0.00533821
2026-05-20,-0.00249620
2026-05-21,-0.00923502
2026-05-22,-0.00118536
2026-05-23,-0.00304471
2026-05-24,0.00381052
2026-05-25,-0.00459736
2026-05-26,-0.00377937
2026-05-27,0.00173441
2026-05-28,0.01668295
2026-05-29,0.01461712
2026-05-30,0.00024730
2026-05-31,-0.00014124
2026-06-01,-0.01080814
2026-06-02,-0.01050542
2026-06-03,-0.02271554
2026-06-04,0.00915553
2026-06-05,-0.00110015
2026-06-06,0.00098852
2026-06-07,-0.00087273
2026-06-08,0.00068420
2026-06-09,0.00083510
2026-06-10,0.00682128
2026-06-11,-0.00071033
2026-06-12,-0.00123549
2026-06-13,-0.00713106
2026-06-14,0.00456899
2026-06-15,0.00049049
2026-06-16,-0.00482473
2026-06-17,0.00441501
2026-06-18,-0.00079227
2026-06-19,0.00774637
2026-06-20,0.00204659
2026-06-21,-0.00018529
2026-06-22,0.00151998
2026-06-23,-0.00317859
2026-06-24,-0.00814611
2026-06-25,0.00075626
2026-06-26,-0.00664502
2026-06-27,0.00589271
2026-06-28,0.00366841
2026-06-29,-0.00611954
2026-06-30,-0.00228050
2026-07-01,0.00717831
2026-07-02,-0.00617330
2026-07-03,-0.00556445
2026-07-04,0.00566561
2026-07-05,0.00377287
2026-07-06,-0.00408503
2026-07-07,0.00541530
2026-07-08,-0.00049045
2026-07-09,0.00113293
2026-07-10,-0.00082894
2026-07-11,-0.00181159
2026-07-12,-0.00166667
2026-07-13,-0.00129219
2026-07-14,-0.00598232
2026-07-15,-0.00003857
2026-07-16,0.00474391
2026-07-17,0.00038206
2026-07-18,0.00511568
2026-07-19,-0.00423248
2026-07-20,-0.00468786
2026-07-21,0.00076947
2026-07-22,-0.00303473
2026-07-23,0.00289866
2026-07-24,0.00683984
2026-07-25,0.00413192
2026-07-26,-0.00522596
2026-07-27,0.00615502
2026-07-28,0.00123855
2026-07-29,0.00595283
2026-07-30,0.00159094
2026-07-31,-0.00612230
2026-08-01,-0.00059742
2026-08-02,-0.00512150
2026-08-03,-0.00423025
2026-08-04,-0.00064757
2026-08-05,0.00282249
2026-08-06,0.00515816
2026-08-07,0.00495533
2026-08-08,0.00126385
2026-08-09,0.00418984
2026-08-10,-0.00352993
2026-08-11,-0.00092579
2026-08-12,0.00808785
2026-08-13,-0.00230011
2026-08-14,0.00564847
2026-08-15,0.00576672
