date,return
2020-11-15,0.00000000
2020-11-16,-0.00600000
2020-11-17,-0.01518219
2020-11-18,-0.00469729
2020-11-19,0.00474183
2020-11-20,-0.00417537
2020-11-21,0.01157895
2020-11-22,-0.00462963
2020-11-23,-0.00778816
2020-11-24,-0.04272152
2020-11-25,-0.01268743
2020-11-26,0.02130178
2020-11-27,-0.00283768
2020-11-28,-0.00799087
2020-11-29,0.00522042
2020-11-30,-0.01836969
2020-12-01,0.01489869
2020-12-02,0.00115741
2020-12-03,-0.00057737
2020-12-04,0.00982659
2020-12-05,-0.00283447
2020-12-06,-0.00399088
2020-12-07,0.00517241
2020-12-08,0.00796359
2020-12-09,-0.00895857
2020-12-10,-0.00171038
2020-12-11,0.00858124
2020-12-12,-0.00056243
2020-12-13,0.00225225
2020-12-14,0.00056054
2020-12-15,-0.00167973
2020-12-16,0.01179775
2020-12-17,0.00054885
2020-12-18,0.00548246
2020-12-19,0.00488069
2020-12-20,0.01342642
2020-12-21,-0.00313808
2020-12-22,0.01631579
2020-12-23,0.01783894
2020-12-24,0.01033465
2020-12-25,0.00916104
2020-12-26,0.03456439
2020-12-27,-0.00487157
2020-12-28,-0.00626118
2020-12-29,0.00226449
2020-12-30,-0.01487827
2020-12-31,0.00882900
2021-01-01,0.00228311
2021-01-02,-0.00636364
2021-01-03,0.00414365
2021-01-04,-0.01324201
2021-01-05,-0.00187617
2021-01-06,-0.00659134
2021-01-07,-0.01097328
2021-01-08,0.00487805
2021-01-09,0.04541063
2021-01-10,0.00885740
2021-01-11,0.01305483
2021-01-12,0.03350297
2021-01-13,-0.00198728
2021-01-14,-0.00798085
2021-01-15,0.02270884
2021-01-16,0.02521334
2021-01-17,0.01033973
2021-01-18,-0.01121563
2021-01-19,-0.00814212
2021-01-20,0.01354402
2021-01-21,0.02490842
2021-01-22,-0.01325890
2021-01-23,0.00430108
2021-01-24,0.03198294
2021-01-25,-0.01169005
2021-01-26,0.01470588
2021-01-27,0.01794020
2021-01-28,-0.12700449
2021-01-29,0.00128977
2021-01-30,0.03087479
2021-01-31,-0.01090468
2021-02-01,-0.00247729
2021-02-02,0.01203320
2021-02-03,0.01499190
2021-02-04,0.02793076
2021-02-05,0.00000000
2021-02-06,0.00260805
2021-02-07,0.00630096
2021-02-08,0.01098097
2021-02-09,0.00429799
2021-02-10,0.02627841
2021-02-11,-0.03137652
2021-02-12,-0.01187905
2021-02-13,-0.05014749
2021-02-14,-0.00163934
2021-02-15,-0.00740132
2021-02-16,0.00667780
2021-02-17,-0.00988468
2021-02-18,-0.00168067
2021-02-19,-0.00548061
2021-02-20,-0.04219949
2021-02-21,-0.00093110
2021-02-22,0.01585821
2021-02-23,-0.01130199
2021-02-24,0.01017576
2021-02-25,-0.01405258
2021-02-26,-0.01072761
2021-02-27,-0.00571973
2021-02-28,-0.00096432
2021-03-01,0.00483092
2021-03-02,0.01004785
2021-03-03,0.00046904
2021-03-04,0.00796626
2021-03-05,0.00738007
2021-03-06,0.00318182
2021-03-07,0.00180668
2021-03-08,0.01395140
2021-03-09,-0.01050788
2021-03-10,0.01386404
2021-03-11,0.01000870
2021-03-12,0.00725256
2021-03-13,0.00462574
2021-03-14,0.00166667
2021-03-15,-0.02159468
2021-03-16,-0.00390625
2021-03-17,0.02580927
2021-03-18,-0.00291181
2021-03-19,0.00083682
2021-03-20,0.00501253
2021-03-21,0.00661704
2021-03-22,0.01061224
2021-03-23,0.02158273
2021-03-24,-0.00421456
2021-03-25,0.00811437
2021-03-26,-0.00076046
2021-03-27,-0.00723534
2021-03-28,0.00425039
2021-03-29,0.00153257
2021-03-30,-0.00267380
2021-03-31,0.03149002
2021-04-01,0.00144509
2021-04-02,0.01368876
2021-04-03,-0.01086957
2021-04-04,0.02508961
2021-04-05,0.04641638
2021-04-06,0.00000000
2021-04-07,-0.02123673
2021-04-08,0.01598174
2021-04-09,0.00948167
2021-04-10,0.00961538
2021-04-11,-0.00060864
2021-04-12,-0.01218769
2021-04-13,0.00624610
2021-04-14,-0.02159161
2021-04-15,0.00741457
2021-04-16,0.04034307
2021-04-17,0.00176367
2021-04-18,0.02314001
2021-04-19,-0.02015677
2021-04-20,0.01137690
2021-04-21,-0.00884199
2021-04-22,-0.02439024
2021-04-23,0.00091575
2021-04-24,-0.00578915
2021-04-25,-0.00092478
2021-04-26,0.00648548
2021-04-27,0.00670732
2021-04-28,0.00391095
2021-04-29,-0.00626866
2021-04-30,-0.01118501
2021-05-01,0.02040816
2021-05-02,0.00326797
2021-05-03,0.01387249
2021-05-04,0.00201034
2021-05-05,0.02745995
2021-05-06,0.01193059
2021-05-07,-0.00476695
2021-05-08,0.00935829
2021-05-09,0.00157480
2021-05-10,0.01439037
2021-05-11,0.00915565
2021-05-12,-0.00549451
2021-05-13,0.02070707
2021-05-14,0.01309408
2021-05-15,-0.00874291
2021-05-16,-0.00360750
2021-05-17,-0.00605620
2021-05-18,0.00294262
2021-05-19,-0.00438810
2021-05-20,-0.01180521
2021-05-21,0.00629723
2021-05-22,-0.00273632
2021-05-23,0.00175088
2021-05-24,-0.01121635
2021-05-25,-0.00688424
2021-05-26,-0.00025853
2021-05-27,-0.01060528
2021-05-28,0.00872093
2021-05-29,-0.00259740
2021-05-30,-0.00104439
2021-05-31,0.00156986
2021-06-01,-0.00808555
2021-06-02,-0.00662778
2021-06-03,-0.01504567
2021-06-04,-0.01135734
2021-06-05,-0.00566893
2021-06-06,0.00315367
2021-06-07,-0.00085470
2021-06-08,0.00399543
2021-06-09,0.02180068
2021-06-10,0.00054259
2021-06-11,-0.01192412
2021-06-12,0.00388673
2021-06-13,0.01046832
2021-06-14,0.00647598
2021-06-15,-0.00026638
2021-06-16,-0.00373134
2021-06-17,0.00214823
2021-06-18,-0.00267380
2021-06-19,0.00080645
2021-06-20,-0.00295223
2021-06-21,0.00755940
2021-06-22,0.00531915
2021-06-23,-0.00763158
2021-06-24,0.01068947
2021-06-25,0.00235479
2021-06-26,0.00338542
2021-06-27,-0.01008795
2021-06-28,-0.00765576
2021-06-29,-0.00026810
2021-06-30,-0.00080472
2021-07-01,0.00617947
2021-07-02,-0.00690021
2021-07-03,-0.00457481
2021-07-04,-0.01276480
2021-07-05,-0.00473802
2021-07-06,-0.01575689
2021-07-07,-0.01278327
2021-07-08,0.00357782
2021-07-09,0.00473653
2021-07-10,0.00909091
2021-07-11,-0.00288018
2021-07-12,-0.00376593
2021-07-13,-0.00671337
2021-07-14,0.00710059
2021-07-15,-0.00612602
2021-07-16,0.00443001
2021-07-17,-0.00878220
2021-07-18,0.00029797
2021-07-19,-0.00327576
2021-07-20,0.00029976
2021-07-21,-0.00479329
2021-07-22,0.01270417
2021-07-23,0.00000000
2021-07-24,-0.00943953
2021-07-25,0.00150331
2021-07-26,0.00809353
2021-07-27,-0.00147493
2021-07-28,0.00710059
2021-07-29,0.00466744
2021-07-30,0.01358382
2021-07-31,-0.00619021
2021-08-01,-0.01082621
2021-08-02,-0.00320326
2021-08-03,-0.00234467
2021-08-04,0.00471143
2021-08-05,-0.00495916
2021-08-06,0.00707130
2021-08-07,0.00639163
2021-08-08,0.00229489
2021-08-09,0.01484866
2021-08-10,-0.00526900
2021-08-11,-0.00308296
2021-08-12,-0.00141004
2021-08-13,0.01498869
2021-08-14,-0.00933553
2021-08-15,-0.01259093
2021-08-16,0.00200918
2021-08-17,0.01801029
2021-08-18,0.02373068
2021-08-19,0.00026344
2021-08-20,0.01579779
2021-08-21,0.00000000
2021-08-22,0.00255232
2021-08-23,0.00634840
2021-08-24,0.01178536
2021-08-25,0.00440960
2021-08-26,0.00437105
2021-08-27,0.01901781
2021-08-28,0.00602968
2021-08-29,-0.00274977
2021-08-30,0.00253456
2021-08-31,-0.01535993
2021-09-01,0.00307474
2021-09-02,0.02045134
2021-09-03,0.00835592
2021-09-04,-0.01421590
2021-09-05,0.00182899
2021-09-06,0.00387244
2021-09-07,0.00067812
2021-09-08,0.04785553
2021-09-09,0.00473836
2021-09-10,0.01142857
2021-09-11,0.00000000
2021-09-12,0.02992817
2021-09-13,0.00414157
2021-09-14,0.00093353
2021-09-15,-0.00931793
2021-09-16,0.00189897
2021-09-17,-0.00794552
2021-09-18,-0.00480584
2021-09-19,0.00291149
2021-09-20,0.00289464
2021-09-21,-0.01304682
2021-09-22,-0.00216706
2021-09-23,-0.00751880
2021-09-24,0.00180796
2021-09-25,0.00760608
2021-09-26,0.00749211
2021-09-27,-0.00019425
2021-09-28,0.00835600
2021-09-29,0.00000000
2021-09-30,-0.00382263
2021-10-01,-0.00346687
2021-10-02,-0.00446082
2021-10-03,-0.00410959
2021-10-04,0.00453828
2021-10-05,0.01231912
2021-10-06,0.02748092
2021-10-07,-0.01230101
2021-10-08,-0.00296736
2021-10-09,0.00578358
2021-10-10,0.00110660
2021-10-11,0.01122562
2021-10-12,-0.00233981
2021-10-13,0.01663653
2021-10-14,-0.00892545
2021-10-15,0.02138275
2021-10-16,-0.00427204
2021-10-17,0.00293002
2021-10-18,-0.00051405
2021-10-19,-0.00017153
2021-10-20,0.00411805
2021-10-21,-0.01480599
2021-10-22,-0.01490705
2021-10-23,0.00560376
2021-10-24,-0.00303897
2021-10-25,0.00449640
2021-10-26,-0.00196078
2021-10-27,-0.00483178
2021-10-28,-0.00632454
2021-10-29,0.00164714
2021-10-30,0.00054725
2021-10-31,0.00218659
2021-11-01,0.00362845
2021-11-02,-0.00018012
2021-11-03,-0.00918919
2021-11-04,0.00036711
2021-11-05,0.00311812
2021-11-06,0.00710900
2021-11-07,0.00916607
2021-11-08,-0.00405930
2021-11-09,-0.00676157
2021-11-10,0.00667388
2021-11-11,-0.00427198
2021-11-12,-0.00448833
2021-11-13,0.01177536
2021-11-14,0.00442478
2021-11-15,0.00087719
2021-11-16,-0.00455342
2021-11-17,-0.00406504
2021-11-18,0.00089095
2021-11-19,0.00444682
2021-11-20,0.00528914
2021-11-21,0.00296581
2021-11-22,0.02549428
2021-11-23,-0.00973597
2021-11-24,0.00302928
2021-11-25,0.00602208
2021-11-26,-0.00082645
2021-11-27,0.00711921
2021-11-28,-0.01028404
2021-11-29,-0.00066667
2021-11-30,-0.00751001
2021-12-01,-0.00474415
2021-12-02,0.00650017
2021-12-03,0.01063830
2021-12-04,0.00462963
2021-12-05,0.00524246
2021-12-06,0.00129702
2021-12-07,-0.00727684
2021-12-08,0.00787660
2021-12-09,0.01179321
2021-12-10,-0.00078914
2021-12-11,0.00047423
2021-12-12,-0.00773847
2021-12-13,-0.00577478
2021-12-14,-0.00162285
2021-12-15,-0.01335070
2021-12-16,0.00083640
2021-12-17,-0.00617902
2021-12-18,0.00591816
2021-12-19,0.00350936
2021-12-20,-0.00232327
2021-12-21,0.01533845
2021-12-22,-0.00727920
2021-12-23,-0.00771504
2021-12-24,0.00083361
2021-12-25,-0.00183089
2021-12-26,-0.00300702
2021-12-27,-0.00268908
2021-12-28,0.00000000
2021-12-29,0.00760392
2021-12-30,0.00732357
2021-12-31,0.00426509
2022-01-01,0.00943396
2022-01-02,0.00000000
2022-01-03,0.01261175
2022-01-04,-0.00436001
2022-01-05,-0.00157085
2022-01-06,0.00299401
2022-01-07,0.00360276
2022-01-08,0.00575428
2022-01-09,0.00645756
2022-01-10,0.00091075
2022-01-11,-0.00727273
2022-01-12,-0.00246002
2022-01-13,-0.01668727
2022-01-14,0.00143862
2022-01-15,0.00143449
2022-01-16,-0.00492689
2022-01-17,0.00898876
2022-01-18,-0.00189215
2022-01-19,-0.01171257
2022-01-20,-0.00502431
2022-01-21,-0.00556647
2022-01-22,-0.00364238
2022-01-23,-0.00433622
2022-01-24,-0.00302826
2022-01-25,-0.00203114
2022-01-26,-0.00016995
2022-01-27,-0.00136008
2022-01-28,-0.00323900
2022-01-29,-0.00840769
2022-01-30,-0.00349040
2022-01-31,0.00123023
2022-02-01,0.00894109
2022-02-02,0.00310024
2022-02-03,-0.00256761
2022-02-04,-0.00172058
2022-02-05,-0.00258978
2022-02-06,-0.00867754
2022-02-07,-0.01536560
2022-02-08,0.00546647
2022-02-09,0.00018025
2022-02-10,0.01189189
2022-02-11,-0.00351989
2022-02-12,-0.00389933
2022-02-13,0.00160772
2022-02-14,-0.00213675
2022-02-15,-0.00053648
2022-02-16,-0.00125313
2022-02-17,-0.01130653
2022-02-18,0.00293794
2022-02-19,0.00292077
2022-02-20,-0.00308530
2022-02-21,-0.00310446
2022-02-22,0.00900404
2022-02-23,-0.00234657
2022-02-24,0.00380849
2022-02-25,-0.00611951
2022-02-26,-0.00874636
2022-02-27,-0.00037092
2022-02-28,0.00204157
2022-03-01,-0.01053604
2022-03-02,-0.00207704
2022-03-03,0.01175578
2022-03-04,-0.00592812
2022-03-05,0.00168729
2022-03-06,-0.00504484
2022-03-07,0.00188750
2022-03-08,0.01767582
2022-03-09,-0.00272430
2022-03-10,0.00036523
2022-03-11,0.00583942
2022-03-12,-0.00450938
2022-03-13,-0.00418639
2022-03-14,0.00642438
2022-03-15,0.00199348
2022-03-16,-0.00397112
2022-03-17,-0.00618632
2022-03-18,0.00294768
2022-03-19,0.00641026
2022-03-20,0.00379747
2022-03-21,0.00538406
2022-03-22,0.01970881
2022-03-23,-0.01417834
2022-03-24,0.00017581
2022-03-25,-0.00070299
2022-03-26,-0.00651179
2022-03-27,-0.00570613
2022-03-28,0.00288600
2022-03-29,0.00017934
2022-03-30,-0.00161348
2022-03-31,0.00215827
2022-04-01,-0.00752149
2022-04-02,-0.00981818
2022-04-03,0.00204006
2022-04-04,-0.00166236
2022-04-05,-0.00203855
2022-04-06,-0.01283960
2022-04-07,0.00305577
2022-04-08,-0.00341686
2022-04-09,0.00573394
2022-04-10,0.00510204
2022-04-11,-0.00766929
2022-04-12,0.00000000
2022-04-13,0.00569909
2022-04-14,0.00112697
2022-04-15,0.00168666
2022-04-16,-0.00018678
2022-04-17,0.00074738
2022-04-18,0.00111940
2022-04-19,-0.00204765
2022-04-20,0.00616822
2022-04-21,-0.00701625
2022-04-22,0.00000000
2022-04-23,-0.00318352
2022-04-24,-0.00716170
2022-04-25,0.01261950
2022-04-26,-0.00690041
2022-04-27,0.00208018
2022-04-28,0.00188324
2022-04-29,0.00318949
2022-04-30,0.00055928
2022-05-01,0.00074488
2022-05-02,-0.00948308
2022-05-03,0.00341168
2022-05-04,0.01280120
2022-05-05,-0.00036711
2022-05-06,0.00642910
2022-05-07,0.00326442
2022-05-08,0.00900901
2022-05-09,0.00230088
2022-05-10,-0.01920366
2022-05-11,-0.01905460
2022-05-12,-0.01580952
2022-05-13,0.00688434
2022-05-14,-0.00582072
2022-05-15,-0.00294464
2022-05-16,-0.00059242
2022-05-17,0.00672202
2022-05-18,0.00760827
2022-05-19,-0.00538048
2022-05-20,-0.00563326
2022-05-21,-0.00078585
2022-05-22,-0.00688705
2022-05-23,-0.00039904
2022-05-24,-0.00678914
2022-05-25,-0.00101215
2022-05-26,0.00101420
2022-05-27,0.00202429
2022-05-28,-0.00302419
2022-05-29,-0.00527383
2022-05-30,-0.00389504
2022-05-31,-0.00227273
2022-06-01,0.00954753
2022-06-02,0.00570265
2022-06-03,0.00100685
2022-06-04,-0.01045016
2022-06-05,0.00061576
2022-06-06,-0.00533005
2022-06-07,-0.00124327
2022-06-08,0.00228500
2022-06-09,0.00372208
2022-06-10,-0.00472085
2022-06-11,-0.00290095
2022-06-12,0.00771155
2022-06-13,0.00410509
2022-06-14,0.00631107
2022-06-15,0.00965018
2022-06-16,0.01262327
2022-06-17,-0.00673336
2022-06-18,0.01189548
2022-06-19,-0.01200000
2022-06-20,-0.00273224
2022-06-21,0.01216641
2022-06-22,0.00153257
2022-06-23,-0.00439267
2022-06-24,0.00115607
2022-06-25,0.00096117
2022-06-26,0.00825019
2022-06-27,-0.00188750
2022-06-28,-0.00094733
2022-06-29,0.00227790
2022-06-30,0.00396825
2022-07-01,-0.00149981
2022-07-02,-0.00733358
2022-07-03,0.00229008
2022-07-04,0.00778875
2022-07-05,0.00617284
2022-07-06,0.00388027
2022-07-07,-0.00696736
2022-07-08,0.00278914
2022-07-09,-0.00628698
2022-07-10,0.00131086
2022-07-11,-0.00579006
2022-07-12,0.00170068
2022-07-13,0.00790960
2022-07-14,0.00945495
2022-07-15,-0.00436681
2022-07-16,-0.00018355
2022-07-17,-0.00605949
2022-07-18,-0.00111524
2022-07-19,-0.00670641
2022-07-20,0.00358761
2022-07-21,0.00543682
2022-07-22,-0.00816024
2022-07-23,-0.01093514
2022-07-24,0.00154202
2022-07-25,-0.00634128
2022-07-26,-0.00953678
2022-07-27,0.01944444
2022-07-28,0.01317800
2022-07-29,0.00316338
2022-07-30,-0.02588757
2022-07-31,-0.00195008
2022-08-01,-0.01096319
2022-08-02,0.00720576
2022-08-03,0.00552486
2022-08-04,-0.02263856
2022-08-05,0.00408831
2022-08-06,-0.00628548
2022-08-07,0.00349076
2022-08-08,0.00448613
2022-08-09,0.00707357
2022-08-10,-0.00039857
2022-08-11,-0.00219386
2022-08-12,0.00480769
2022-08-13,-0.00615079
2022-08-14,-0.01607071
2022-08-15,0.00249066
2022-08-16,-0.00247831
2022-08-17,-0.00684932
2022-08-18,0.00231481
2022-08-19,-0.00984499
2022-08-20,0.00170940
2022-08-21,0.00553663
2022-08-22,0.00442291
2022-08-23,0.00041754
2022-08-24,0.00166875
2022-08-25,-0.00166320
2022-08-26,-0.00250313
2022-08-27,0.00041929
2022-08-28,0.00439883
2022-08-29,0.00083056
2022-08-30,-0.00186567
2022-08-31,0.00187266
2022-09-01,0.00621891
2022-09-02,0.00081900
2022-09-03,-0.00899428
2022-09-04,-0.00083264
2022-09-05,0.00834028
2022-09-06,-0.00533224
2022-09-07,0.00538972
2022-09-08,0.00676784
2022-09-09,-0.00870093
2022-09-10,0.00082372
2022-09-11,-0.00164474
2022-09-12,-0.00804455
2022-09-13,-0.00398323
2022-09-14,0.00803043
2022-09-15,-0.00395175
2022-09-16,0.00461216
2022-09-17,0.00353137
2022-09-18,-0.00515677
2022-09-19,0.00625261
2022-09-20,0.00905723
2022-09-21,-0.00141529
2022-09-22,0.01865369
2022-09-23,0.01016419
2022-09-24,-0.00344828
2022-09-25,-0.00077160
2022-09-26,-0.00869397
2022-09-27,-0.00117971
2022-09-28,-0.00354750
2022-09-29,0.00317586
2022-09-30,-0.00157791
2022-10-01,0.00277008
2022-10-02,0.00137741
2022-10-03,-0.00039246
2022-10-04,0.00373134
2022-10-05,0.00097466
2022-10-06,-0.00369650
2022-10-07,0.00176401
2022-10-08,-0.00039063
2022-10-09,0.00860047
2022-10-10,0.01056879
2022-10-11,0.00037636
2022-10-12,0.00451297
2022-10-13,-0.00204994
2022-10-14,0.00542665
2022-10-15,-0.00388745
2022-10-16,-0.00503731
2022-10-17,0.00169619
2022-10-18,0.00187829
2022-10-19,0.00261976
2022-10-20,-0.00632911
2022-10-21,-0.00263952
2022-10-22,-0.00132676
2022-10-23,-0.00152033
2022-10-24,-0.00209684
2022-10-25,-0.01320827
2022-10-26,-0.00078647
2022-10-27,0.00098464
2022-10-28,-0.00157233
2022-10-29,-0.00276025
2022-10-30,0.00138779
2022-10-31,-0.00296560
2022-11-01,0.00218775
2022-11-02,0.00297030
2022-11-03,0.00236220
2022-11-04,0.01214734
2022-11-05,0.00114767
2022-11-06,0.00190840
2022-11-07,-0.00152091
2022-11-08,-0.00514874
2022-11-09,-0.00635838
2022-11-10,0.01639344
2022-11-11,0.00283447
2022-11-12,-0.00507328
2022-11-13,0.00360668
2022-11-14,-0.00169619
2022-11-15,0.00000000
2022-11-16,0.00208018
2022-11-17,0.00207156
2022-11-18,-0.00281320
2022-11-19,0.00490381
2022-11-20,-0.00448263
2022-11-21,0.00678477
2022-11-22,0.00297508
2022-11-23,0.00000000
2022-11-24,0.00221811
2022-11-25,-0.00220832
2022-11-26,-0.00462107
2022-11-27,0.00000000
2022-11-28,-0.00074627
2022-11-29,0.00261584
2022-11-30,0.00185874
2022-12-01,-0.00037037
2022-12-02,-0.00463306
2022-12-03,-0.00149645
2022-12-04,-0.00225141
2022-12-05,-0.00320392
2022-12-06,-0.00284522
2022-12-07,-0.00133537
2022-12-08,0.00535578
2022-12-09,0.00264951
2022-12-10,-0.00037651
2022-12-11,0.00018839
2022-12-12,0.00546139
2022-12-13,0.00279434
2022-12-14,0.00611338
2022-12-15,-0.00109810
2022-12-16,0.01430668
2022-12-17,-0.00499287
2022-12-18,-0.00234150
2022-12-19,0.00615273
2022-12-20,-0.00232392
2022-12-21,0.00089799
2022-12-22,-0.00412334
2022-12-23,0.00198843
2022-12-24,0.00216060
2022-12-25,0.00286841
2022-12-26,-0.00730838
2022-12-27,-0.00126628
2022-12-28,0.00544070
2022-12-29,-0.00538213
2022-12-30,0.00018136
2022-12-31,0.00072516
2023-01-01,0.00144823
2023-01-02,0.00144404
2023-01-03,0.00125990
2023-01-04,-0.00538600
2023-01-05,0.00326679
2023-01-06,-0.00180310
2023-01-07,0.00705755
2023-01-08,0.00606709
2023-01-09,0.00916784
2023-01-10,-0.00103878
2023-01-11,-0.00346981
2023-01-12,-0.00908456
2023-01-13,0.01138790
2023-01-14,0.01252610
2023-01-15,-0.00339443
2023-01-16,-0.00187970
2023-01-17,0.00000000
2023-01-18,-0.00188679
2023-01-19,0.00000000
2023-01-20,0.01119146
2023-01-21,0.00336814
2023-01-22,-0.01087320
2023-01-23,-0.00034200
2023-01-24,-0.01043806
2023-01-25,0.00751485
2023-01-26,0.00378788
2023-01-27,-0.00017088
2023-01-28,-0.00410256
2023-01-29,0.00448121
2023-01-30,-0.01007858
2023-01-31,0.00122036
2023-02-01,0.00904348
2023-02-02,0.00102494
2023-02-03,0.00289806
2023-02-04,0.00271186
2023-02-05,0.00101146
2023-02-06,-0.00168237
2023-02-07,0.01823093
2023-02-08,-0.00114007
2023-02-09,-0.00636631
2023-02-10,-0.00066138
2023-02-11,-0.00281457
2023-02-12,-0.00199800
2023-02-13,-0.00484788
2023-02-14,0.00388251
2023-02-15,0.00820771
2023-02-16,-0.00379038
2023-02-17,0.02142145
2023-02-18,-0.00525478
2023-02-19,0.00788542
2023-02-20,0.00649556
2023-02-21,-0.00641226
2023-02-22,0.00301014
2023-02-23,-0.00047244
2023-02-24,-0.01229508
2023-02-25,-0.00193924
2023-02-26,0.00356911
2023-02-27,-0.00161082
2023-02-28,-0.00808016
2023-03-01,0.00361367
2023-03-02,0.00016308
2023-03-03,0.00179328
2023-03-04,-0.00568551
2023-03-05,0.00000000
2023-03-06,-0.00279330
2023-03-07,-0.00181758
2023-03-08,-0.01028192
2023-03-09,0.00592618
2023-03-10,-0.00418340
2023-03-11,-0.01096861
2023-03-12,-0.00690131
2023-03-13,-0.00752274
2023-03-14,0.00799290
2023-03-15,-0.00384615
2023-03-16,-0.00105708
2023-03-17,0.00723870
2023-03-18,-0.00278455
2023-03-19,0.00350018
2023-03-20,-0.00034758
2023-03-21,-0.00295652
2023-03-22,-0.01172148
2023-03-23,0.00394124
2023-03-24,-0.00604337
2023-03-25,-0.00233897
2023-03-26,0.00198843
2023-03-27,0.00000000
2023-03-28,0.00738207
2023-03-29,-0.00372605
2023-03-30,0.00804433
2023-03-31,-0.00211119
2023-04-01,-0.00441696
2023-04-02,-0.00267380
2023-04-03,0.00448029
2023-04-04,-0.00284192
2023-04-05,0.00125045
2023-04-06,-0.00392017
2023-04-07,0.00233477
2023-04-08,-0.00268144
2023-04-09,-0.00323508
2023-04-10,0.00198987
2023-04-11,-0.00306306
2023-04-12,-0.00090645
2023-04-13,0.00163458
2023-04-14,-0.00271542
2023-04-15,-0.00163815
2023-04-16,-0.00292184
2023-04-17,-0.00183688
2023-04-18,0.00184366
2023-04-19,-0.00128582
2023-04-20,-0.00165746
2023-04-21,-0.00221729
2023-04-22,-0.00167038
2023-04-23,-0.00037244
2023-04-24,-0.00074543
2023-04-25,0.00373274
2023-04-26,0.00259355
2023-04-27,-0.00092149
2023-04-28,0.00055391
2023-04-29,-0.00018443
2023-04-30,0.00977860
2023-05-01,-0.00506696
2023-05-02,-0.00255941
2023-05-03,-0.00441014
2023-05-04,0.00426400
2023-05-05,0.00110294
2023-05-06,0.00476889
2023-05-07,-0.00290698
2023-05-08,0.00054825
2023-05-09,0.00036510
2023-05-10,-0.00510762
2023-05-11,-0.00276447
2023-05-12,-0.00018532
2023-05-13,0.00166852
2023-05-14,-0.00036955
2023-05-15,-0.00129438
2023-05-16,-0.00315165
2023-05-17,0.00186567
2023-05-18,-0.00204461
2023-05-19,-0.00037327
2023-05-20,0.00018678
2023-05-21,0.00242718
2023-05-22,0.00074322
2023-05-23,-0.00148423
2023-05-24,0.00111649
2023-05-25,-0.00222800
2023-05-26,-0.00223797
2023-05-27,0.00505807
2023-05-28,-0.00092730
2023-05-29,0.00315868
2023-05-30,0.00073855
2023-05-31,0.00000000
2023-06-01,-0.00276549
2023-06-02,0.00908417
2023-06-03,-0.00309541
2023-06-04,-0.00183217
2023-06-05,0.00643619
2023-06-06,-0.00127088
2023-06-07,0.00436840
2023-06-08,0.00108264
2023-06-09,-0.00378106
2023-06-10,0.00217707
2023-06-11,-0.00036127
2023-06-12,-0.00614606
2023-06-13,-0.00695461
2023-06-14,-0.00129918
2023-06-15,-0.00502419
2023-06-16,-0.00582707
2023-06-17,0.00000000
2023-06-18,0.00209205
2023-06-19,0.00227273
2023-06-20,0.00037707
2023-06-21,0.00697061
2023-06-22,0.00427350
2023-06-23,0.02063375
2023-06-24,-0.00035386
2023-06-25,0.00531161
2023-06-26,-0.00262789
2023-06-27,0.00598802
2023-06-28,0.00087017
2023-06-29,-0.00156359
2023-06-30,-0.01010805
2023-07-01,0.00213447
2023-07-02,-0.00141693
2023-07-03,-0.00461812
2023-07-04,-0.00125493
2023-07-05,-0.00035945
2023-07-06,-0.00161871
2023-07-07,0.00306748
2023-07-08,0.00053802
2023-07-09,0.00143318
2023-07-10,-0.00392997
2023-07-11,0.00126035
2023-07-12,-0.00197557
2023-07-13,0.00631085
2023-07-14,0.00124644
2023-07-15,0.00230906
2023-07-16,-0.00282885
2023-07-17,0.00924609
2023-07-18,-0.00314246
2023-07-19,-0.00052706
2023-07-20,0.01178333
2023-07-21,-0.00360825
2023-07-22,-0.00363448
2023-07-23,0.00069735
2023-07-24,-0.00313370
2023-07-25,-0.00402943
2023-07-26,-0.00035323
2023-07-27,0.00017674
2023-07-28,-0.00265018
2023-07-29,0.00532860
2023-07-30,0.00228471
2023-07-31,0.00227432
2023-08-01,-0.00139324
2023-08-02,-0.00052393
2023-08-03,-0.00087413
2023-08-04,0.00175131
2023-08-05,0.00820244
2023-08-06,0.00532280
2023-08-07,0.00033979
2023-08-08,0.00271647
2023-08-09,-0.00303951
2023-08-10,0.00050968
2023-08-11,-0.00152749
2023-08-12,-0.00153218
2023-08-13,0.00085383
2023-08-14,0.00528469
2023-08-15,-0.00320513
2023-08-16,-0.00696095
2023-08-17,0.00241047
2023-08-18,0.00034270
2023-08-19,0.00188356
2023-08-20,-0.00494712
2023-08-21,0.00361819
2023-08-22,-0.00256586
2023-08-23,-0.00584594
2023-08-24,-0.00260960
2023-08-25,-0.00332284
2023-08-26,-0.00088028
2023-08-27,-0.00299824
2023-08-28,-0.00070972
2023-08-29,-0.00213220
2023-08-30,0.00463954
2023-08-31,0.00353607
2023-09-01,0.00175562
2023-09-02,-0.00297411
2023-09-03,-0.00387188
2023-09-04,-0.00248315
2023-09-05,0.00356506
2023-09-06,-0.00123894
2023-09-07,-0.00088715
2023-09-08,0.00053324
2023-09-09,0.00053267
2023-09-10,0.00283789
2023-09-11,0.00582011
2023-09-12,0.00122036
2023-09-13,-0.00086957
2023-09-14,-0.00261324
2023-09-15,0.00437828
2023-09-16,-0.00434028
2023-09-17,-0.00017513
2023-09-18,0.00280308
2023-09-19,0.00121951
2023-09-20,0.00521376
2023-09-21,-0.00137599
2023-09-22,-0.00275957
2023-09-23,0.00416233
2023-09-24,-0.00395597
2023-09-25,0.00086685
2023-09-26,0.00034614
2023-09-27,0.00397786
2023-09-28,0.00274537
2023-09-29,-0.00255973
2023-09-30,0.00548885
2023-10-01,-0.00050899
2023-10-02,-0.00237772
2023-10-03,-0.00494881
2023-10-04,-0.00224061
2023-10-05,-0.00121191
2023-10-06,-0.00156196
2023-10-07,-0.00191504
2023-10-08,-0.00034953
2023-10-09,0.00174886
2023-10-10,0.00069711
2023-10-11,0.00052210
2023-10-12,-0.00243394
2023-10-13,0.00069881
2023-10-14,-0.00383810
2023-10-15,0.00210970
2023-10-16,0.00332633
2023-10-17,0.00382609
2023-10-18,-0.00017259
2023-10-19,0.00103591
2023-10-20,0.00413508
2023-10-21,0.00495557
2023-10-22,0.00321489
2023-10-23,0.00537996
2023-10-24,-0.00216234
2023-10-25,0.00551286
2023-10-26,-0.00941837
2023-10-27,0.00555743
2023-10-28,0.00183211
2023-10-29,-0.00348490
2023-10-30,-0.00434492
2023-10-31,0.00758597
2023-11-01,0.00298904
2023-11-02,0.00033014
2023-11-03,-0.00131970
2023-11-04,0.00363877
2023-11-05,0.00558292
2023-11-06,-0.00617083
2023-11-07,0.00032884
2023-11-08,-0.00492935
2023-11-09,0.00248921
2023-11-10,0.01089828
2023-11-11,0.00614092
2023-11-12,-0.00079821
2023-11-13,-0.01007355
2023-11-14,-0.00228460
2023-11-15,0.01852459
2023-11-16,-0.00727158
2023-11-17,-0.00096246
2023-11-18,0.00176792
2023-11-19,0.00656630
2023-11-20,-0.00173886
2023-11-21,-0.01459391
2023-11-22,-0.00098039
2023-11-23,-0.00229208
2023-11-24,-0.00016447
2023-11-25,-0.00641658
2023-11-26,-0.00633333
2023-11-27,-0.00033761
2023-11-28,0.00050676
2023-11-29,-0.00523118
2023-11-30,0.00324011
2023-12-01,-0.00016943
2023-12-02,-0.00033898
2023-12-03,-0.00169607
2023-12-04,0.00646698
2023-12-05,0.00756048
2023-12-06,0.00761337
2023-12-07,-0.01173785
2023-12-08,0.01769616
2023-12-09,0.01950984
2023-12-10,0.01163873
2023-12-11,-0.00470124
2023-12-12,-0.00061237
2023-12-13,0.01916002
2023-12-14,-0.00428107
2023-12-15,-0.00744491
2023-12-16,0.00529021
2023-12-17,-0.00284176
2023-12-18,0.01188327
2023-12-19,0.00352630
2023-12-20,0.01867523
2023-12-21,0.02489451
2023-12-22,-0.01915863
2023-12-23,0.01852884
2023-12-24,0.00282106
2023-12-25,0.00587764
2023-12-26,0.00475310
2023-12-27,-0.02105676
2023-12-28,-0.01146914
2023-12-29,0.00377306
2023-12-30,0.00138696
2023-12-31,-0.00733057
2024-01-01,0.00421112
2024-01-02,0.00417595
2024-01-03,0.01684152
2024-01-04,-0.00440705
2024-01-05,0.00161681
2024-01-06,-0.00241741
2024-01-07,0.00890688
2024-01-08,0.00039777
2024-01-09,0.00317965
2024-01-10,-0.00750395
2024-01-11,-0.00788559
2024-01-12,-0.00719718
2024-01-13,-0.00923119
2024-01-14,-0.00280741
2024-01-15,-0.00282326
2024-01-16,0.00454287
2024-01-17,-0.00604952
2024-01-18,-0.00170891
2024-01-19,-0.00128608
2024-01-20,-0.00644699
2024-01-21,0.00304790
2024-01-22,-0.00158684
2024-01-23,0.00159190
2024-01-24,-0.00216388
2024-01-25,-0.00594031
2024-01-26,-0.00087977
2024-01-27,0.00044066
2024-01-28,-0.00205459
2024-01-29,-0.00633658
2024-01-30,0.00134328
2024-01-31,-0.00461447
2024-02-01,0.00210337
2024-02-02,0.00463794
2024-02-03,0.00177883
2024-02-04,0.00251108
2024-02-05,0.00029394
2024-02-06,-0.02937720
2024-02-07,0.00140449
2024-02-08,0.00062247
2024-02-09,-0.00264221
2024-02-10,0.00843750
2024-02-11,0.00322680
2024-02-12,0.00106870
2024-02-13,-0.00045704
2024-02-14,0.00289722
2024-02-15,-0.01440267
2024-02-16,-0.00202935
2024-02-17,0.00094044
2024-02-18,-0.00297247
2024-02-19,-0.00377715
2024-02-20,0.01078338
2024-02-21,0.00698541
2024-02-22,-0.00244948
2024-02-23,-0.00630769
2024-02-24,-0.00607666
2024-02-25,0.00378549
2024-02-26,0.00109580
2024-02-27,-0.00124961
2024-02-28,0.00845600
2024-02-29,-0.00446566
2024-03-01,0.00963331
2024-03-02,-0.00365854
2024-03-03,0.01151720
2024-03-04,0.00855599
2024-03-05,-0.02656434
2024-03-06,0.01761222
2024-03-07,-0.00120446
2024-03-08,0.01162089
2024-03-09,0.00324484
2024-03-10,0.01699883
2024-03-11,0.00354308
2024-03-12,-0.01477625
2024-03-13,0.01638631
2024-03-14,0.00758214
2024-03-15,0.00636238
2024-03-16,-0.00382409
2024-03-17,0.00770713
2024-03-18,0.00637029
2024-03-19,-0.00655782
2024-03-20,0.00800108
2024-03-21,0.00200214
2024-03-22,0.00771072
2024-03-23,-0.00706991
2024-03-24,0.00039841
2024-03-25,-0.00610403
2024-03-26,0.00120903
2024-03-27,0.01246315
2024-03-28,0.00771444
2024-03-29,0.01339171
2024-03-30,-0.00677201
2024-03-31,0.01029748
2024-04-01,0.00311410
2024-04-02,0.01213172
2024-04-03,-0.00688905
2024-04-04,0.00637255
2024-04-05,-0.00459826
2024-04-06,0.00268686
2024-04-07,-0.00643829
2024-04-08,-0.00319961
2024-04-09,0.00421105
2024-04-10,0.00442152
2024-04-11,0.00608717
2024-04-12,0.01359153
2024-04-13,0.00210773
2024-04-14,-0.00291511
2024-04-15,0.00551255
2024-04-16,-0.00290023
2024-04-17,0.00093349
2024-04-18,-0.00186350
2024-04-19,-0.00081833
2024-04-20,-0.00046838
2024-04-21,0.00093765
2024-04-22,0.00163781
2024-04-23,-0.02215485
2024-04-24,0.00073206
2024-04-25,0.00633528
2024-04-26,-0.00072185
2024-04-27,-0.01228916
2024-04-28,0.00172925
2024-04-29,-0.00098474
2024-04-30,-0.00086334
2024-05-01,-0.00111193
2024-05-02,-0.00730560
2024-05-03,-0.00364413
2024-05-04,-0.00481013
2024-05-05,0.00702965
2024-05-06,-0.00252080
2024-05-07,-0.00114011
2024-05-08,0.00355510
2024-05-09,-0.00693394
2024-05-10,-0.00613654
2024-05-11,0.00077660
2024-05-12,-0.00361851
2024-05-13,0.00624837
2024-05-14,0.00475701
2024-05-15,-0.01248090
2024-05-16,-0.00470219
2024-05-17,-0.01041667
2024-05-18,-0.00377054
2024-05-19,-0.00230665
2024-05-20,-0.02303708
2024-05-21,-0.00728780
2024-05-22,0.00246520
2024-05-23,0.00101010
2024-05-24,0.00604839
2024-05-25,0.00170746
2024-05-26,-0.00311968
2024-05-27,-0.00028539
2024-05-28,-0.00456882
2024-05-29,0.00172911
2024-05-30,0.00358989
2024-05-31,0.00427716
2024-06-01,0.00014136
2024-06-02,0.00155455
2024-06-03,-0.00042265
2024-06-04,0.00042301
2024-06-05,-0.00648070
2024-06-06,-0.00413931
2024-06-07,-0.00546920
2024-06-08,0.00756694
2024-06-09,-0.00057339
2024-06-10,0.00000000
2024-06-11,0.00258324
2024-06-12,-0.00328384
2024-06-13,0.00344927
2024-06-14,0.00385384
2024-06-15,-0.00212465
2024-06-16,-0.00412518
2024-06-17,-0.00186460
2024-06-18,-0.00057587
2024-06-19,-0.00158547
2024-06-20,0.00491614
2024-06-21,-0.00286369
2024-06-22,0.00014401
2024-06-23,0.00403110
2024-06-24,0.01171094
2024-06-25,-0.00767513
2024-06-26,0.00496032
2024-06-27,-0.00659557
2024-06-28,0.00270193
2024-06-29,-0.00070721
2024-06-30,-0.00509915
2024-07-01,-0.00186033
2024-07-02,-0.00244183
2024-07-03,0.00923788
2024-07-04,0.01119615
2024-07-05,0.00803992
2024-07-06,-0.00422920
2024-07-07,0.00206384
2024-07-08,-0.00520691
2024-07-09,0.00567710
2024-07-10,-0.00465498
2024-07-11,0.00055279
2024-07-12,-0.00289895
2024-07-13,0.00846987
2024-07-14,-0.00232114
2024-07-15,-0.01303155
2024-07-16,0.00563380
2024-07-17,0.00668524
2024-07-18,-0.01374382
2024-07-19,-0.00339175
2024-07-20,-0.00256118
2024-07-21,-0.00457666
2024-07-22,0.00360855
2024-07-23,-0.00143308
2024-07-24,0.00732969
2024-07-25,-0.00028329
2024-07-26,-0.00141723
2024-07-27,-0.00056850
2024-07-28,0.00000000
2024-07-29,-0.00284576
2024-07-30,0.00572410
2024-07-31,-0.00664969
2024-08-01,-0.00329796
2024-08-02,-0.00346420
2024-08-03,-0.00116279
2024-08-04,-0.00072844
2024-08-05,0.02451123
2024-08-06,-0.00973574
2024-08-07,0.02000000
2024-08-08,-0.02045827
2024-08-09,-0.00654152
2024-08-10,-0.00072046
2024-08-11,0.00101010
2024-08-12,0.00403226
2024-08-13,-0.00557143
2024-08-14,0.00115574
2024-08-15,-0.00043240
2024-08-16,-0.00519331
2024-08-17,-0.00379009
2024-08-18,0.00235018
2024-08-19,0.00233918
2024-08-20,0.00538417
2024-08-21,-0.01108552
2024-08-22,0.00000000
2024-08-23,-0.00618375
2024-08-24,-0.01326774
2024-08-25,0.00750383
2024-08-26,-0.00663850
2024-08-27,0.00886850
2024-08-28,0.00090144
2024-08-29,-0.00209958
2024-08-30,0.00225904
2024-08-31,-0.00434783
2024-09-01,-0.00105868
2024-09-02,-0.00424371
2024-09-03,-0.00687863
2024-09-04,-0.00449473
2024-09-05,0.00125117
2024-09-06,0.00951638
2024-09-07,0.00321494
2024-09-08,0.00000000
2024-09-09,-0.00136903
2024-09-10,0.00152532
2024-09-11,0.00106448
2024-09-12,-0.00440061
2024-09-13,-0.00826699
2024-09-14,0.00108966
2024-09-15,0.00155328
2024-09-16,-0.00015485
2024-09-17,0.00867410
2024-09-18,0.00609013
2024-09-19,0.00090253
2024-09-20,0.00225225
2024-09-21,0.00702541
2024-09-22,0.00678066
2024-09-23,-0.01148924
2024-09-24,0.00044656
2024-09-25,-0.00252826
2024-09-26,-0.01001495
2024-09-27,0.00030506
2024-09-28,-0.00015244
2024-09-29,0.00182983
2024-09-30,-0.00319052
2024-10-01,0.00672783
2024-10-02,0.00648763
2024-10-03,-0.01504319
2024-10-04,0.00829238
2024-10-05,-0.00211480
2024-10-06,0.00955704
2024-10-07,0.00178625
2024-10-08,-0.00177989
2024-10-09,0.00074427
2024-10-10,-0.00163496
2024-10-11,0.00566657
2024-10-12,0.01533471
2024-10-13,0.00515021
2024-10-14,-0.01472671
2024-10-15,0.00204260
2024-10-16,0.00334205
2024-10-17,0.00317552
2024-10-18,-0.00358577
2024-10-19,-0.00014447
2024-10-20,-0.00794798
2024-10-21,0.00249633
2024-10-22,-0.00263004
2024-10-23,0.00396592
2024-10-24,0.00655785
2024-10-25,0.00661680
2024-10-26,-0.00028393
2024-10-27,-0.00042614
2024-10-28,0.00924083
2024-10-29,0.00544389
2024-10-30,-0.00276167
2024-10-31,-0.00124965
2024-11-01,0.00055679
2024-11-02,0.00375417
2024-11-03,0.00179409
2024-11-04,0.00357536
2024-11-05,-0.00750956
2024-11-06,-0.00166343
2024-11-07,0.00000000
2024-11-08,0.00250348
2024-11-09,-0.00691946
2024-11-10,0.02034802
2024-11-11,-0.01415858
2024-11-12,0.01457119
2024-11-13,-0.00620280
2024-11-14,-0.00450573
2024-11-15,0.01088454
2024-11-16,0.03411543
2024-11-17,-0.00277708
2024-11-18,0.03059152
2024-11-19,0.00454545
2024-11-20,0.01137980
2024-11-21,0.00081131
2024-11-22,0.01967137
2024-11-23,0.00757070
2024-11-24,-0.00811581
2024-11-25,-0.01605351
2024-11-26,0.00264916
2024-11-27,0.00584326
2024-11-28,-0.00554926
2024-11-29,0.00675676
2024-11-30,-0.00734463
2024-12-01,0.00550459
2024-12-02,0.00351633
2024-12-03,-0.02478036
2024-12-04,-0.00201470
2024-12-05,0.00285578
2024-12-06,0.01112163
2024-12-07,-0.00254630
2024-12-08,-0.00953932
2024-12-09,0.01138520
2024-12-10,0.00568182
2024-12-11,-0.00229305
2024-12-12,-0.00587422
2024-12-13,-0.00198135
2024-12-14,0.00538264
2024-12-15,-0.00335726
2024-12-16,0.00559441
2024-12-17,-0.00161365
2024-12-18,0.00566605
2024-12-19,0.00960439
2024-12-20,-0.00145838
2024-12-21,-0.00303780
2024-12-22,0.00475436
2024-12-23,-0.00033640
2024-12-24,0.00572262
2024-12-25,-0.00355003
2024-12-26,-0.00692737
2024-12-27,-0.00181283
2024-12-28,-0.00409370
2024-12-29,-0.00378354
2024-12-30,-0.00115527
2024-12-31,0.00405280
2025-01-01,0.01424305
2025-01-02,-0.00781774
2025-01-03,0.00363059
2025-01-04,-0.00732147
2025-01-05,-0.00091449
2025-01-06,-0.00206138
2025-01-07,0.00195492
2025-01-08,0.00859107
2025-01-09,0.00247748
2025-01-10,0.00560287
2025-01-11,0.00587323
2025-01-12,-0.00635268
2025-01-13,0.00155314
2025-01-14,-0.00652511
2025-01-15,0.01255043
2025-01-16,0.00470048
2025-01-17,-0.00844704
2025-01-18,-0.01035470
2025-01-19,-0.01361080
2025-01-20,0.00635985
2025-01-21,-0.00593743
2025-01-22,-0.00069332
2025-01-23,-0.00150428
2025-01-24,0.00673166
2025-01-25,-0.00240495
2025-01-26,-0.00506329
2025-01-27,0.00104627
2025-01-28,0.00870070
2025-01-29,0.00125428
2025-01-30,0.00443585
2025-01-31,-0.00473506
2025-02-01,0.00011382
2025-02-02,0.00216204
2025-02-03,-0.00022660
2025-02-04,-0.00249377
2025-02-05,-0.00068353
2025-02-06,-0.00273785
2025-02-07,-0.00103235
2025-02-08,0.00229885
2025-02-09,0.00205950
2025-02-10,0.00763446
2025-02-11,-0.00404040
2025-02-12,0.00803349
2025-02-13,-0.00334076
2025-02-14,-0.00560538
2025-02-15,-0.00068027
2025-02-16,0.00034060
2025-02-17,0.00306331
2025-02-18,-0.00169147
2025-02-19,-0.00294184
2025-02-20,-0.00307307
2025-02-21,0.00629867
2025-02-22,-0.00147026
2025-02-23,-0.00113430
2025-02-24,0.00432015
2025-02-25,0.00653742
2025-02-26,0.00890076
2025-02-27,-0.00043725
2025-02-28,-0.00350109
2025-03-01,0.00473777
2025-03-02,-0.00534818
2025-03-03,0.00551633
2025-03-04,-0.00578350
2025-03-05,-0.01799514
2025-03-06,-0.00217590
2025-03-07,0.00552105
2025-03-08,0.00136519
2025-03-09,-0.00351713
2025-03-10,-0.00262797
2025-03-11,-0.00206754
2025-03-12,0.00668973
2025-03-13,0.00352834
2025-03-14,-0.00316456
2025-03-15,0.01728844
2025-03-16,0.00043975
2025-03-17,-0.00054921
2025-03-18,0.00406862
2025-03-19,-0.00948953
2025-03-20,0.00433622
2025-03-21,-0.00297619
2025-03-22,0.00454646
2025-03-23,-0.00406593
2025-03-24,-0.00365610
2025-03-25,0.00055804
2025-03-26,0.00379041
2025-03-27,-0.00088515
2025-03-28,-0.00565285
2025-03-29,-0.00470852
2025-03-30,0.00090539
2025-03-31,0.00598735
2025-04-01,0.00189775
2025-04-02,-0.00344751
2025-04-03,-0.00089586
2025-04-04,-0.00336549
2025-04-05,-0.00655071
2025-04-06,0.00892653
2025-04-07,0.00292332
2025-04-08,-0.00122960
2025-04-09,-0.00829225
2025-04-10,0.00638104
2025-04-11,-0.01001350
2025-04-12,0.00000000
2025-04-13,0.02227325
2025-04-14,-0.00087931
2025-04-15,-0.00385378
2025-04-16,0.00321793
2025-04-17,0.00022051
2025-04-18,0.00011020
2025-04-19,0.00132217
2025-04-20,-0.00329670
2025-04-21,0.00475664
2025-04-22,-0.00558843
2025-04-23,0.00398936
2025-04-24,0.00692612
2025-04-25,0.00043375
2025-04-26,-0.00877573
2025-04-27,0.00771945
2025-04-28,0.00977411
2025-04-29,0.00564550
2025-04-30,0.00442385
2025-05-01,-0.00240134
2025-05-02,0.01112044
2025-05-03,-0.00123153
2025-05-04,-0.00030864
2025-05-05,0.00977970
2025-05-06,-0.00535137
2025-05-07,0.00387834
2025-05-08,0.01215313
2025-05-09,-0.01315009
2025-05-10,0.01330219
2025-05-11,-0.00672601
2025-05-12,-0.00621616
2025-05-13,0.00152284
2025-05-14,0.00404858
2025-05-15,0.00261044
2025-05-16,0.00199760
2025-05-17,0.00268603
2025-05-18,0.00188007
2025-05-19,-0.00147871
2025-05-20,0.00464702
2025-05-21,0.00773903
2025-05-22,-0.00491993
2025-05-23,0.00438426
2025-05-24,0.00531196
2025-05-25,0.00172018
2025-05-26,-0.00314286
2025-05-27,-0.00450450
2025-05-28,-0.01199226
2025-05-29,-0.00386445
2025-05-30,-0.00129818
2025-05-31,0.00400481
2025-06-01,0.00000000
2025-06-02,0.00238379
2025-06-03,-0.00207592
2025-06-04,0.00198531
2025-06-05,-0.00207633
2025-06-06,-0.00268070
2025-06-07,0.00259533
2025-06-08,-0.00714995
2025-06-09,0.00261938
2025-06-10,-0.00420926
2025-06-11,0.00010107
2025-06-12,-0.00262732
2025-06-13,0.00304754
2025-06-14,-0.00100969
2025-06-15,0.00010117
2025-06-16,-0.00101153
2025-06-17,0.00222988
2025-06-18,0.00100908
2025-06-19,0.00493454
2025-06-20,-0.00518548
2025-06-21,-0.00322451
2025-06-22,-0.00253550
2025-06-23,0.00214067
2025-06-24,0.00040601
2025-06-25,-0.00223124
2025-06-26,0.00315811
2025-06-27,0.00030371
2025-06-28,-0.00566572
2025-06-29,0.00153500
2025-06-30,0.00010202
2025-07-01,-0.00163199
2025-07-02,0.00081867
2025-07-03,-0.00245198
2025-07-04,-0.00143737
2025-07-05,0.00247117
2025-07-06,0.00112705
2025-07-07,0.00122674
2025-07-08,0.00091781
2025-07-09,-0.00468241
2025-07-10,-0.00565146
2025-07-11,-0.00135107
2025-07-12,-0.00552313
2025-07-13,-0.01369863
2025-07-14,0.00498375
2025-07-15,-0.00450547
2025-07-16,0.00119073
2025-07-17,0.00237581
2025-07-18,0.00161221
2025-07-19,-0.01221341
2025-07-20,0.00153745
2025-07-21,-0.00843004
2025-07-22,0.00089087
2025-07-23,0.01011561
2025-07-24,0.00697320
2025-07-25,-0.00161186
2025-07-26,0.00140147
2025-07-27,0.00172006
2025-07-28,0.00321406
2025-07-29,0.00255482
2025-07-30,0.00635459
2025-07-31,-0.00240535
2025-08-01,-0.00094578
2025-08-02,-0.00147399
2025-08-03,0.00464625
2025-08-04,0.00083700
2025-08-05,-0.00240234
2025-08-06,0.00251889
2025-08-07,0.00553467
2025-08-08,-0.00103284
2025-08-09,-0.00103498
2025-08-10,-0.00093342
2025-08-11,0.00103907
2025-08-12,0.01182082
2025-08-13,-0.00192464
2025-08-14,-0.00050844
2025-08-15,-0.00152687
2025-08-16,-0.00296100
2025-08-17,-0.00020542
2025-08-18,-0.00143855
2025-08-19,0.00309151
2025-08-20,0.00297009
2025-08-21,0.00213806
2025-08-22,-0.00050689
2025-08-23,-0.00345038
2025-08-24,-0.00010219
2025-08-25,-0.00132870
2025-08-26,-0.00102480
2025-08-27,-0.00215650
2025-08-28,0.00123762
2025-08-29,0.00051440
2025-08-30,0.00308325
2025-08-31,-0.00020429
2025-09-01,-0.00081749
2025-09-02,0.00470829
2025-09-03,-0.00344758
2025-09-04,0.00000000
2025-09-05,0.00040841
2025-09-06,-0.00306060
2025-09-07,-0.00030794
2025-09-08,-0.00236237
2025-09-09,-0.00051600
2025-09-10,-0.00423554
2025-09-11,0.00239633
2025-09-12,-0.00031107
2025-09-13,0.00124507
2025-09-14,-0.00289795
2025-09-15,-0.00166563
2025-09-16,0.00177564
2025-09-17,-0.00093672
2025-09-18,-0.00615224
2025-09-19,-0.00010557
2025-09-20,0.00506864
2025-09-21,0.00083630
2025-09-22,-0.00208725
2025-09-23,0.00146720
2025-09-24,-0.00491118
2025-09-25,-0.00664837
2025-09-26,0.00192513
2025-09-27,0.00127850
2025-09-28,0.00170032
2025-09-29,0.00328320
2025-09-30,-0.00410354
2025-10-01,-0.00647146
2025-10-02,-0.00945830
2025-10-03,0.00010955
2025-10-04,-0.00295728
2025-10-05,-0.00099163
2025-10-06,0.00982557
2025-10-07,0.00108272
2025-10-08,-0.00021608
2025-10-09,-0.00237786
2025-10-10,0.00792789
2025-10-11,-0.00363481
2025-10-12,0.00301529
2025-10-13,-0.01038322
2025-10-14,-0.00426323
2025-10-15,0.00143330
2025-10-16,0.00351803
2025-10-17,0.00622271
2025-10-18,-0.00582273
2025-10-19,-0.00054549
2025-10-20,0.00185671
2025-10-21,0.00413493
2025-10-22,-0.01090006
2025-10-23,-0.00507502
2025-10-24,0.00557289
2025-10-25,-0.00507055
2025-10-26,-0.00434298
2025-10-27,-0.00494271
2025-10-28,-0.00431132
2025-10-29,0.00286107
2025-10-30,-0.00728266
2025-10-31,-0.00866051
2025-11-01,0.00376028
2025-11-02,0.00256590
2025-11-03,-0.00870272
2025-11-04,0.00956542
2025-11-05,0.00509849
2025-11-06,0.00527644
2025-11-07,0.02905789
2025-11-08,0.00386183
2025-11-09,-0.01458378
2025-11-10,0.02532895
2025-11-11,-0.00323523
2025-11-12,-0.00777311
2025-11-13,-0.00245412
2025-11-14,-0.01158053
2025-11-15,-0.00856202
2025-11-16,0.00145187
2025-11-17,-0.00233853
2025-11-18,0.00201387
2025-11-19,0.00624025
2025-11-20,0.00748404
2025-11-21,-0.00954240
2025-11-22,-0.00132655
2025-11-23,-0.00188428
2025-11-24,0.00077882
2025-11-25,0.00333259
2025-11-26,-0.00320018
2025-11-27,0.00188805
2025-11-28,-0.00331932
2025-11-29,-0.00055692
2025-11-30,0.00234166
2025-12-01,0.00133185
2025-12-02,-0.02169582
2025-12-03,-0.01319139
2025-12-04,0.00332779
2025-12-05,0.00035419
2025-12-06,-0.00235960
2025-12-07,-0.01066856
2025-12-08,0.00520833
2025-12-09,0.00287701
2025-12-10,-0.00119190
2025-12-11,-0.01146953
2025-12-12,0.00269014
2025-12-13,0.00109462
2025-12-14,0.00109223
2025-12-15,0.00145314
2025-12-16,0.00108669
2025-12-17,0.00216867
2025-12-18,-0.00059981
2025-12-19,0.00108095
2025-12-20,0.00898849
2025-12-21,-0.00353190
2025-12-22,0.00616552
2025-12-23,0.00152260
2025-12-24,-0.00105091
2025-12-25,-0.00152118
2025-12-26,0.00140845
2025-12-27,0.00667135
2025-12-28,-0.00127050
2025-12-29,-0.00277906
2025-12-30,-0.00698649
2025-12-31,-0.00566840
2026-01-01,0.00931677
2026-01-02,0.01465760
2026-01-03,-0.00102529
2026-01-04,0.00787671
2026-01-05,0.00258485
2026-01-06,-0.00424866
2026-01-07,-0.00191700
2026-01-08,0.00000000
2026-01-09,-0.00373557
2026-01-10,-0.00171077
2026-01-11,0.01144427
2026-01-12,0.00548221
2026-01-13,0.00309872
2026-01-14,0.00428949
2026-01-15,-0.00872410
2026-01-16,-0.00310766
2026-01-17,0.00402055
2026-01-18,-0.00919566
2026-01-19,-0.00135440
2026-01-20,0.00169760
2026-01-21,0.00327092
2026-01-22,-0.00739579
2026-01-23,0.00363967
2026-01-24,0.00011292
2026-01-25,-0.00022578
2026-01-26,-0.00847075
2026-01-27,-0.01114430
2026-01-28,0.01527615
2026-01-29,0.00125428
2026-01-30,0.00045496
2026-01-31,0.01250000
2026-02-01,0.00299335
2026-02-02,0.00275512
2026-02-03,0.01063130
2026-02-04,0.00933677
2026-02-05,0.02012221
2026-02-06,-0.02683816
2026-02-07,0.00010702
2026-02-08,-0.00385192
2026-02-09,0.00075480
2026-02-10,0.00398363
2026-02-11,0.00277718
2026-02-12,-0.00180582
2026-02-13,-0.00906183
2026-02-14,0.00010858
2026-02-15,0.00206253
2026-02-16,-0.00205405
2026-02-17,-0.00043422
2026-02-18,-0.00369405
2026-02-19,0.00054729
2026-02-20,0.00010934
2026-02-21,-0.00327941
2026-02-22,-0.00220070
2026-02-23,0.00685234
2026-02-24,0.00479721
2026-02-25,0.00000000
2026-02-26,0.00107991
2026-02-27,0.00732759
2026-02-28,0.00031861
2026-03-01,-0.00010613
2026-03-02,-0.00488323
2026-03-03,-0.00385935
2026-03-04,-0.00226880
2026-03-05,0.00206208
2026-03-06,0.00302637
2026-03-07,0.00139665
2026-03-08,0.00149989
2026-03-09,-0.01014740
2026-03-10,0.00566943
2026-03-11,-0.00107805
2026-03-12,0.00086430
2026-03-13,0.00970664
2026-03-14,-0.00476090
2026-03-15,-0.00555437
2026-03-16,0.00172824
2026-03-17,-0.00086114
2026-03-18,-0.00043131
2026-03-19,-0.00356141
2026-03-20,-0.00315217
2026-03-21,0.00021877
2026-03-22,0.00164006
2026-03-23,0.00446818
2026-03-24,-0.00280838
2026-03-25,-0.00640886
2026-03-26,-0.00594190
2026-03-27,-0.00334076
2026-03-28,-0.00358744
2026-03-29,-0.00056459
2026-03-30,0.00101741
2026-03-31,-0.00124097
2026-04-01,0.00147026
2026-04-02,-0.00372124
2026-04-03,-0.00170416
2026-04-04,0.00284998
2026-04-05,-0.00113353
2026-04-06,0.00454442
2026-04-07,-0.00439090
2026-04-08,-0.00079509
2026-04-09,0.00147895
2026-04-10,-0.00238203
2026-04-11,-0.00159562
2026-04-12,-0.00274411
2026-04-13,0.00988733
2026-04-14,0.00338219
2026-04-15,0.00033595
2026-04-16,-0.00055953
2026-04-17,0.00560161
2026-04-18,0.00487481
2026-04-19,-0.00175554
2026-04-20,0.00011011
2026-04-21,-0.00242184
2026-04-22,0.00453540
2026-04-23,-0.00175400
2026-04-24,-0.00220022
2026-04-25,0.00585635
2026-04-26,0.00065531
2026-04-27,-0.00032723
2026-04-28,-0.00251037
2026-04-29,-0.00658183
2026-04-30,-0.00133393
2026-05-01,0.00234062
2026-05-02,0.00232971
2026-05-03,0.00452739
2026-05-04,-0.00645656
2026-05-05,0.00310421
2026-05-06,-0.00319524
2026-05-07,-0.00377024
2026-05-08,-0.00893855
2026-05-09,0.00079636
2026-05-10,0.00113585
2026-05-11,0.00396646
2026-05-12,0.00640881
2026-05-13,0.00266430
2026-05-14,0.00750883
2026-05-15,0.00065274
2026-05-16,-0.00032595
2026-05-17,0.00304414
2026-05-18,-0.00097255
2026-05-19,0.00573841
2026-05-20,0.00749304
2026-05-21,-0.00569500
2026-05-22,-0.00746746
2026-05-23,-0.00411523
2026-05-24,0.00283905
2026-05-25,-0.00879479
2026-05-26,-0.00497347
2026-05-27,0.01015852
2026-05-28,0.01728665
2026-05-29,0.00539340
2026-05-30,-0.00847458
2026-05-31,0.00255428
2026-06-01,0.00243541
2026-06-02,0.00295047
2026-06-03,0.01099937
2026-06-04,0.00041000
2026-06-05,0.01024170
2026-06-06,-0.00190686
2026-06-07,-0.01007455
2026-06-08,0.00647748
2026-06-09,0.00497361
2026-06-10,0.00000000
2026-06-11,-0.00703518
2026-06-12,-0.00112130
2026-06-13,-0.00694728
2026-06-14,-0.00134687
2026-06-15,-0.00716809
2026-06-16,0.00115936
2026-06-17,0.01041009
2026-06-18,0.00309023
2026-06-19,0.00604013
2026-06-20,-0.00131499
2026-06-21,-0.00192698
2026-06-22,0.00254531
2026-06-23,0.00374797
